Store,MCC,Type,Timestamp,Processing Time (s)
Shopee,5262,Marketplaces,2024-10-31 15:26:22,4.95
Ntuc Fairprice,5411,"Grocery Stores, Supermarkets",2024-10-31 15:26:26,3.58
Trip.Com,4722,Travel Agencies and Tour Operations,2024-10-31 15:26:29,3.58
Lazada,5311,Department Stores,2024-10-31 15:26:33,3.6
Singapore Airlines,3075,Singapore Airlines,2024-10-31 15:26:36,3.61
Agoda,4722,Travel Agencies and Tour Operations,2024-10-31 15:26:40,3.54
Klook,4722,Travel Agencies and Tour Operations,2024-10-31 15:26:43,3.56
Uniqlo,5651,Family Clothing Stores,2024-10-31 15:26:47,3.53
Foodpanda,5499,Miscellaneous Food Stores – Convenience Stores and Specialty Markets,2024-10-31 15:26:51,3.54
Amazon,5999,Miscellaneous and Specialty Retail Stores,2024-10-31 15:26:54,3.53
Airwallex,6012,Financial Institutions – Merchandise and Services,2024-10-31 15:26:58,3.58
Taobao (App),5311,Department Stores,2024-10-31 15:27:01,3.58
Grab (Rides),4121,Taxicabs and Limousines,2024-10-31 15:27:05,4.21
Grab Food,5812,Eating Places and Restaurants,2024-10-31 15:27:09,3.63
Apple,5732,Electronics Sale,2024-10-31 15:27:13,3.65
Fwd Travel Insurance,6300,"Insurance Sales, Underwriting, and Premiums",2024-10-31 15:27:16,3.56
Mcdonalds,5814,Fast Food Restaurants,2024-10-31 15:27:20,3.61
Watsons,5912,Drug Stores and Pharmacies,2024-10-31 15:27:24,4.34
Scoot,4511,"Airlines, Air Carriers",2024-10-31 15:27:29,4.29
Booking.Com,7011,"Lodging – Hotels, Motels, Resorts, Central Reservation Services",2024-10-31 15:27:32,3.63
Airbnb,4722,Travel Agencies and Tour Operations,2024-10-31 15:27:36,3.74
Shopback,5712,"Furniture, Home Furnishings, and Equipment Stores, Except Appliances",2024-10-31 15:27:40,3.63
Airalo,5818,Digital Goods — Multi-category,2024-10-31 15:27:43,3.68
Pelago By Singapore Airlines,4722,Travel Agencies and Tour Operations,2024-10-31 15:27:47,3.61
Fave,5999,Miscellaneous and Specialty Retail Stores,2024-10-31 15:27:51,3.76
Singtel,4814,"Fax Services, Telecommunication Services",2024-10-31 15:27:54,3.66
Sp Services,4900,"Electric, Gas, Sanitary and Water Utilities",2024-10-31 15:27:58,3.7
Gojek,4121,Taxicabs and Limousines,2024-10-31 15:28:02,3.68
Iherb,5499,Miscellaneous Food Stores – Convenience Stores and Specialty Markets,2024-10-31 15:28:05,3.79
Simplygo,4111,"Local/suburban Commuter Passenger Transportation – Railroads, Ferries, Local Water Transportation",2024-10-31 15:28:09,3.64
Redmart,5411,"Grocery Stores, Supermarkets",2024-10-31 15:28:13,3.84
Guardian,5912,Drug Stores and Pharmacies,2024-10-31 15:28:17,3.61
Ikea,5712,"Furniture, Home Furnishings, and Equipment Stores, Except Appliances",2024-10-31 15:28:20,3.66
Don Don Donki,5411,"Grocery Stores, Supermarkets",2024-10-31 15:28:24,3.75
Nike,5655,"Sports Apparel, Riding Apparel Stores",2024-10-31 15:28:28,3.67
Fever,7929,"Bands, Orchestras, and Miscellaneous Entertainers not Elsewhere Classified",2024-10-31 15:28:31,3.85
Atome,5999,Miscellaneous and Specialty Retail Stores,2024-10-31 15:28:35,3.62
Expedia,4722,Travel Agencies and Tour Operations,2024-10-31 15:28:39,3.7
Starhub,4814,"Fax Services, Telecommunication Services",2024-10-31 15:28:43,4.24
Cold Storage,5411,"Grocery Stores, Supermarkets",2024-10-31 15:28:47,4.19
Tada,4121,Taxicabs and Limousines,2024-10-31 15:28:51,4.25
Starbucks,5814,Fast Food Restaurants,2024-10-31 15:28:56,4.22
7-Eleven,5499,Miscellaneous Food Stores – Convenience Stores and Specialty Markets,2024-10-31 15:29:00,3.9
Deliveroo,5812,Eating Places and Restaurants,2024-10-31 15:29:03,3.61
Kkday,4722,Travel Agencies and Tour Operations,2024-10-31 15:29:07,4.21
Marriott,3509,Marriott Hotels,2024-10-31 15:29:12,4.21
Tiktok Shop,5399,Miscellaneous General Merchandise,2024-10-31 15:29:16,4.26
Kopitiam,5814,Fast Food Restaurants,2024-10-31 15:29:20,4.22
Smrt,4111,"Local/suburban Commuter Passenger Transportation – Railroads, Ferries, Local Water Transportation",2024-10-31 15:29:24,3.65
Prudential Insurance,6300,"Insurance Sales, Underwriting, and Premiums",2024-10-31 15:29:28,3.89
Courts,5712,"Furniture, Home Furnishings, and Equipment Stores, Except Appliances",2024-10-31 15:29:32,3.95
Taobao,5311,Department Stores,2024-10-31 15:29:36,3.92
Sheng Siong,5411,"Grocery Stores, Supermarkets",2024-10-31 15:29:39,3.56
Harvey Norman,5732,Electronics Sale,2024-10-31 15:29:43,3.69
Decathlon,5941,Sporting Goods Stores,2024-10-31 15:29:47,3.88
Grabpay (Topup On Grab Wallet),6051,"Non-financial Institutions – Foreign Currency, Money Orders not Wire Transfer and Travelers Cheques",2024-10-31 15:29:50,3.86
Shein,5691,Men’s and Women’s Clothing Stores,2024-10-31 15:29:54,3.5
Lululemon,5655,"Sports Apparel, Riding Apparel Stores",2024-10-31 15:29:58,3.84
Samsung,5732,Electronics Sale,2024-10-31 15:30:02,3.94
Aia Insurance,6300,"Insurance Sales, Underwriting, and Premiums",2024-10-31 15:30:06,4.05
Income Travel Insurance,6300,"Insurance Sales, Underwriting, and Premiums",2024-10-31 15:30:10,4.49
Heymax.Ai,5311,Department Stores,2024-10-31 15:30:15,4.54
Golden Village (Gv),7832,Motion Picture Theaters,2024-10-31 15:30:20,4.91
Cimb Travel Insurance,6300,"Insurance Sales, Underwriting, and Premiums",2024-10-31 15:30:25,4.99
Breadtalk,5462,Bakeries,2024-10-31 15:30:29,4.43
Kris,8999,Professional Services not Elsewhere Defined,2024-10-31 15:30:34,4.9
M1,4814,"Fax Services, Telecommunication Services",2024-10-31 15:30:39,4.88
Sistic,7922,"Theatrical Producers except Motion Pictures, Ticket Agencies",2024-10-31 15:30:44,5.0
Netflix,4899,"Cable, Satellite and Other Pay Television/radio/streaming Services",2024-10-31 15:30:49,5.21
Toast Box,5812,Eating Places and Restaurants,2024-10-31 15:30:54,4.86
Ticketmaster,7922,"Theatrical Producers except Motion Pictures, Ticket Agencies",2024-10-31 15:31:00,5.56
Takashimaya,5311,Department Stores,2024-10-31 15:31:05,5.01
Airasia,4511,"Airlines, Air Carriers",2024-10-31 15:31:10,4.98
Zalora,5691,Men’s and Women’s Clothing Stores,2024-10-31 15:31:15,5.2
Adidas,5655,"Sports Apparel, Riding Apparel Stores",2024-10-31 15:31:20,4.98
Ishopchangi,5309,Duty Free Store,2024-10-31 15:31:25,5.06
Healthhub,8099,Medical Services and Health Practitioners not Elsewhere Classified,2024-10-31 15:31:30,4.79
Traveloka,4722,Travel Agencies and Tour Operations,2024-10-31 15:31:34,4.67
Krisshop,5309,Duty Free Store,2024-10-31 15:31:39,5.17
Kaspersky,5734,Computer Software Stores,2024-10-31 15:31:45,5.34
Challenger,5732,Electronics Sale,2024-10-31 15:31:50,4.72
Q&M Dental,8021,Dentists and Orthodontists,2024-10-31 15:31:55,5.06
Sephora,5977,Cosmetic Stores,2024-10-31 15:32:00,5.15
Decathlon (Online),5691,Men’s and Women’s Clothing Stores,2024-10-31 15:32:05,5.69
Cardup,7399,"Business Services, Not Elsewhere Classified",2024-10-31 15:32:10,4.41
Accor Hotels,7011,"Lodging – Hotels, Motels, Resorts, Central Reservation Services",2024-10-31 15:32:14,4.59
Aliexpress,5964,Direct Marketing – Catalog Merchant,2024-10-31 15:32:19,4.45
Four Leaves,5462,Bakeries,2024-10-31 15:32:24,5.44
Singlife Travel Insurance,6300,"Insurance Sales, Underwriting, and Premiums",2024-10-31 15:32:29,4.5
Myrepublic,4814,"Fax Services, Telecommunication Services",2024-10-31 15:32:33,4.57
Haidilao Hot Pot,5812,Eating Places and Restaurants,2024-10-31 15:32:38,4.44
Giant,5411,"Grocery Stores, Supermarkets",2024-10-31 15:32:43,4.81
Gain City,5732,Electronics Sale,2024-10-31 15:32:47,4.11
Popular,5942,Book Stores,2024-10-31 15:32:52,4.85
Koufu,5814,Fast Food Restaurants,2024-10-31 15:32:57,5.17
Best Denki,5732,Electronics Sale,2024-10-31 15:33:02,5.31
Muji,5331,Variety Stores,2024-10-31 15:33:06,4.14
Geneco,4900,"Electric, Gas, Sanitary and Water Utilities",2024-10-31 15:33:11,4.81
Raffles Medical Clinic,8011,Doctors and Physicians not Elsewhere Classified,2024-10-31 15:33:15,3.96
Esso,5541,Service Stations with Or Without Ancillary Services,2024-10-31 15:33:19,3.57
Getgo,7512,Car Rental Companies,2024-10-31 15:33:23,4.43
Axs,9399,Government Services not Elsewhere Classified,2024-10-31 15:33:27,3.93
Comfort Taxi,4121,Taxicabs and Limousines,2024-10-31 15:33:31,3.95
Jetstar Airways,3079,Jetstar Airways,2024-10-31 15:33:36,4.71
Din Tai Fung,5812,Eating Places and Restaurants,2024-10-31 15:33:40,4.31
Shell,5541,Service Stations with Or Without Ancillary Services,2024-10-31 15:33:44,4.28
Kfc,5814,Fast Food Restaurants,2024-10-31 15:33:48,4.24
Spotify,5815,"Digital Goods — Media, books, movies, music",2024-10-31 15:33:53,4.86
Ya Kun Kaya Toast,5814,Fast Food Restaurants,2024-10-31 15:33:58,4.72
Steam Games,5816,Digital Goods — Games,2024-10-31 15:34:03,4.74
Shaw Theatres,7832,Motion Picture Theaters,2024-10-31 15:34:08,4.82
Check My Body Health,8099,Medical Services and Health Practitioners not Elsewhere Classified,2024-10-31 15:34:12,4.7
Daiso,5311,Department Stores,2024-10-31 15:34:17,4.68
Shoppe,8999,Professional Services not Elsewhere Defined,2024-10-31 15:34:22,4.65
Anytime Fitness,7997,"Membership Clubs sports, Recreation, Athletic, Country Clubs, and Private Golf Courses",2024-10-31 15:34:26,4.75
Nespresso,5499,Miscellaneous Food Stores – Convenience Stores and Specialty Markets,2024-10-31 15:34:31,4.75
Activesg,9399,Government Services not Elsewhere Classified,2024-10-31 15:34:36,4.7
Tiq Travel Insurance,6300,"Insurance Sales, Underwriting, and Premiums",2024-10-31 15:34:40,3.87
Chateraise,5462,Bakeries,2024-10-31 15:34:43,3.76
Venus Beauty,5977,Cosmetic Stores,2024-10-31 15:34:48,4.84
Singlife,6300,"Insurance Sales, Underwriting, and Premiums",2024-10-31 15:34:53,4.74
Subway,5814,Fast Food Restaurants,2024-10-31 15:34:58,4.89
Great Eastern Insurance,6300,"Insurance Sales, Underwriting, and Premiums",2024-10-31 15:35:03,4.89
Hdb (Season Parking),9399,Government Services not Elsewhere Classified,2024-10-31 15:35:08,4.74
Luckin Coffee,5814,Fast Food Restaurants,2024-10-31 15:35:12,4.83
Gomo,4814,"Fax Services, Telecommunication Services",2024-10-31 15:35:17,4.42
The Coffee Bean & Tea Leaf,5814,Fast Food Restaurants,2024-10-31 15:35:22,4.82
Disney Plus,4899,"Cable, Satellite and Other Pay Television/radio/streaming Services",2024-10-31 15:35:26,4.77
Ikea Resturant,5814,Fast Food Restaurants,2024-10-31 15:35:31,4.74
Ezlink,6540,Non-financial Institutions – Stored Value Card Purchase/load; Poi Funding Transactions,2024-10-31 15:35:35,4.28
Tangs,5311,Department Stores,2024-10-31 15:35:39,3.83
Apple Education Store,5732,Electronics Sale,2024-10-31 15:35:43,4.23
Pizza Hut,5814,Fast Food Restaurants,2024-10-31 15:35:48,4.25
Hilton,3504,Hilton Hotels,2024-10-31 15:35:52,4.27
Sushiro,5812,Eating Places and Restaurants,2024-10-31 15:35:56,4.25
Yakun (Store),5812,Eating Places and Restaurants,2024-10-31 15:36:01,4.41
Bengawan Solo,5462,Bakeries,2024-10-31 15:36:05,3.86
Genki Sushi,5812,Eating Places and Restaurants,2024-10-31 15:36:08,3.78
Circles Life,4814,"Fax Services, Telecommunication Services",2024-10-31 15:36:13,4.23
Dyson,5732,Electronics Sale,2024-10-31 15:36:17,4.24
Paypal,5735,Record Shops,2024-10-31 15:36:21,4.22
Qoo10,5262,Marketplaces,2024-10-31 15:36:25,4.24
Classpass,5734,Computer Software Stores,2024-10-31 15:36:29,3.67
Revolut,6012,Financial Institutions – Merchandise and Services,2024-10-31 15:36:33,4.29
Health Buddy App,8099,Medical Services and Health Practitioners not Elsewhere Classified,2024-10-31 15:36:37,4.3
Lotte Duty Free,5309,Duty Free Store,2024-10-31 15:36:42,4.24
Food Republic,5812,Eating Places and Restaurants,2024-10-31 15:36:46,4.21
Apple Icloud,5818,Digital Goods — Multi-category,2024-10-31 15:36:50,4.26
Fitness First,7997,"Membership Clubs sports, Recreation, Athletic, Country Clubs, and Private Golf Courses",2024-10-31 15:36:54,3.67
Old Chang Kee,5814,Fast Food Restaurants,2024-10-31 15:36:58,4.21
Giga!,4814,"Fax Services, Telecommunication Services",2024-10-31 15:37:02,4.27
Crocs,5661,Shoe Stores,2024-10-31 15:37:07,4.24
Spc,5541,Service Stations with Or Without Ancillary Services,2024-10-31 15:37:11,4.28
G2000,5691,Men’s and Women’s Clothing Stores,2024-10-31 15:37:15,3.98
Fareastflora.Com,5193,"Florists’ Supplies, Nursery Stock and Flowers",2024-10-31 15:37:19,3.73
Saizeriya,5812,Eating Places and Restaurants,2024-10-31 15:37:23,4.37
Zym Mobile,4812,Telecommunications Equipment Including Telephone Sales,2024-10-31 15:37:27,4.22
Mr Coconut,5814,Fast Food Restaurants,2024-10-31 15:37:31,4.28
Ryde,5734,Computer Software Stores,2024-10-31 15:37:36,4.37
Parking.Sg,7523,Automobile Parking Lots and Garages,2024-10-31 15:37:40,3.92
Senoko Energy,4900,"Electric, Gas, Sanitary and Water Utilities",2024-10-31 15:37:43,3.69
Polar Puffs & Cakes,5462,Bakeries,2024-10-31 15:37:48,4.28
Carousell,5999,Miscellaneous and Specialty Retail Stores,2024-10-31 15:37:52,4.5
Puma,5941,Sporting Goods Stores,2024-10-31 15:37:57,4.54
Cathay Pacific,3099,Cathay Pacific,2024-10-31 15:38:01,4.55
Hockhua Tonic,5499,Miscellaneous Food Stores – Convenience Stores and Specialty Markets,2024-10-31 15:38:06,4.29
Chope,5812,Eating Places and Restaurants,2024-10-31 15:38:09,3.69
Minmed,8099,Medical Services and Health Practitioners not Elsewhere Classified,2024-10-31 15:38:13,4.07
Zig (Taxi),4121,Taxicabs and Limousines,2024-10-31 15:38:18,4.21
Qatar Airways,3136,Qatar Airways,2024-10-31 15:38:22,4.27
Youtrip,6540,Non-financial Institutions – Stored Value Card Purchase/load; Poi Funding Transactions,2024-10-31 15:38:26,4.28
Stuff'D,5814,Fast Food Restaurants,2024-10-31 15:38:30,4.21
Burger King,5814,Fast Food Restaurants,2024-10-31 15:38:34,3.64
Doctor Anywhere,8099,Medical Services and Health Practitioners not Elsewhere Classified,2024-10-31 15:38:38,4.24
Singapore General Hospital,8062,Hospitals,2024-10-31 15:38:43,4.43
Domino'S Pizza,5814,Fast Food Restaurants,2024-10-31 15:38:47,4.27
Paris Baguette,5814,Fast Food Restaurants,2024-10-31 15:38:52,4.75
Emirates Airlines,3026,Emirates Airlines,2024-10-31 15:38:56,4.2
Love Bonito,5631,Women’s Accessory and Specialty Shops,2024-10-31 15:39:00,3.83
Owndays,8043,"Opticians, Opticians Goods and Eyeglasses",2024-10-31 15:39:03,3.63
Ssense,5691,Men’s and Women’s Clothing Stores,2024-10-31 15:39:08,4.27
Google Play Store,5816,Digital Goods — Games,2024-10-31 15:39:12,4.22
Shopify,5734,Computer Software Stores,2024-10-31 15:39:17,5.3
Caltex,5541,Service Stations with Or Without Ancillary Services,2024-10-31 15:39:21,4.27
Natureland,7298,Health and Beauty Shops,2024-10-31 15:39:26,4.25
Lac,5912,Drug Stores and Pharmacies,2024-10-31 15:39:29,3.6
Eu Yan Sang (Stores),5499,Miscellaneous Food Stores – Convenience Stores and Specialty Markets,2024-10-31 15:39:33,4.05
Swensen'S,5812,Eating Places and Restaurants,2024-10-31 15:39:38,4.23
Land Transport Authority,9399,Government Services not Elsewhere Classified,2024-10-31 15:39:42,4.3
Boost Juice Bar,5499,Miscellaneous Food Stores – Convenience Stores and Specialty Markets,2024-10-31 15:39:47,5.01
Audio House,5732,Electronics Sale,2024-10-31 15:39:51,3.9
Google Store,5045,"Computers, Computer Peripheral Equipment, Not Elsewhere Classified",2024-10-31 15:39:54,3.55
Bluesg,7512,Car Rental Companies,2024-10-31 15:39:58,4.21
Great Eastern Travel Insurance,6300,"Insurance Sales, Underwriting, and Premiums",2024-10-31 15:40:03,4.09
Chan Brothers Travel,4722,Travel Agencies and Tour Operations,2024-10-31 15:40:06,3.88
Zara,5621,Women’s Ready-to-wear Stores,2024-10-31 15:40:10,3.9
Oddle Eats,5812,Eating Places and Restaurants,2024-10-31 15:40:14,3.59
Sk Jewellery,5944,"Watch, Clock, Jewelry, and Silverware Stores",2024-10-31 15:40:18,4.02
Aston'S,5814,Fast Food Restaurants,2024-10-31 15:40:22,3.9
Marks And Spencer,5311,Department Stores,2024-10-31 15:40:26,3.93
Liho,5814,Fast Food Restaurants,2024-10-31 15:40:31,4.93
Thomson Medical Centre,8062,Hospitals,2024-10-31 15:40:35,4.0
Easybook,4789,Transportation Services - Not Elsewhere Classified,2024-10-31 15:40:38,3.51
Town Council (Various),9399,Government Services not Elsewhere Classified,2024-10-31 15:40:42,3.88
Myprotein,5499,Miscellaneous Food Stores – Convenience Stores and Specialty Markets,2024-10-31 15:40:46,4.11
Viator,4722,Travel Agencies and Tour Operations,2024-10-31 15:40:50,3.88
Youtube,5968,Direct Marketing – Continuity/subscription Merchant,2024-10-31 15:40:54,3.77
Capitastar,6540,Non-financial Institutions – Stored Value Card Purchase/load; Poi Funding Transactions,2024-10-31 15:40:58,3.94
Nets Flashpay,9399,Government Services not Elsewhere Classified,2024-10-31 15:41:02,3.93
Kcuts,7230,Barber and Beauty Shops,2024-10-31 15:41:06,3.88
Suki Ya,5812,Eating Places and Restaurants,2024-10-31 15:41:09,3.73
Instarem,6051,"Non-financial Institutions – Foreign Currency, Money Orders not Wire Transfer and Travelers Cheques",2024-10-31 15:41:13,3.78
Malaysia Airlines,3100,Malaysia Airlines,2024-10-31 15:41:17,3.9
H&M,5691,Men’s and Women’s Clothing Stores,2024-10-31 15:41:21,3.9
National University Hospital,8062,Hospitals,2024-10-31 15:41:25,3.74
Zipair,4511,"Airlines, Air Carriers",2024-10-31 15:41:28,3.58
Eu Yan Sang (Tcm Clinic),8099,Medical Services and Health Practitioners not Elsewhere Classified,2024-10-31 15:41:32,3.9
Marriott Bonvoy Points Purchase,7399,"Business Services, Not Elsewhere Classified",2024-10-31 15:41:36,3.9
Cedele,5812,Eating Places and Restaurants,2024-10-31 15:41:40,4.09
Kinokuniya,5942,Book Stores,2024-10-31 15:41:44,3.59
Adobe Creative Cloud,5734,Computer Software Stores,2024-10-31 15:41:48,4.33
Skechers,5661,Shoe Stores,2024-10-31 15:41:53,4.79
Amazon Prime,5999,Miscellaneous and Specialty Retail Stores,2024-10-31 15:41:57,4.25
Bee Cheng Hiang,5499,Miscellaneous Food Stores – Convenience Stores and Specialty Markets,2024-10-31 15:42:02,4.38
Scarlett,8999,Professional Services not Elsewhere Defined,2024-10-31 15:42:06,4.31
Points.Com,7399,"Business Services, Not Elsewhere Classified",2024-10-31 15:42:10,3.86
Transit Link,9399,Government Services not Elsewhere Classified,2024-10-31 15:42:13,3.65
Yakun (App),5734,Computer Software Stores,2024-10-31 15:42:18,4.23
Hotels.Com,4722,Travel Agencies and Tour Operations,2024-10-31 15:42:22,4.29
Wine Connection,5813,"Drinking Places alcoholic Beverages, Bars, Taverns, Cocktail Lounges, Nightclubs and Discotheques",2024-10-31 15:42:26,4.25
Ntuc Unity,5912,Drug Stores and Pharmacies,2024-10-31 15:42:30,4.24
Marina Bay Sands (Online Ticketing),7991,Tourist Attractions and Exhibits,2024-10-31 15:42:34,3.63
Cheers,5499,Miscellaneous Food Stores – Convenience Stores and Specialty Markets,2024-10-31 15:42:38,4.21
Mr Bean,5814,Fast Food Restaurants,2024-10-31 15:42:42,4.28
Dian Xiao Er,5812,Eating Places and Restaurants,2024-10-31 15:42:47,4.2
Toys R Us,5945,"Hobby, Toy, and Game Shops",2024-10-31 15:42:51,4.32
Playstation Network,5816,Digital Goods — Games,2024-10-31 15:42:56,4.91
Mount Elizabeth Novena Hospital,8062,Hospitals,2024-10-31 15:43:00,3.83
Mustafa Centre,5331,Variety Stores,2024-10-31 15:43:03,3.69
Song Fa Bak Kut Teh,5812,Eating Places and Restaurants,2024-10-31 15:43:08,4.4
Hilton Honors Points Purchase,7399,"Business Services, Not Elsewhere Classified",2024-10-31 15:43:12,4.25
Canton Paradise,5812,Eating Places and Restaurants,2024-10-31 15:43:16,4.26
Accor Plus,7997,"Membership Clubs sports, Recreation, Athletic, Country Clubs, and Private Golf Courses",2024-10-31 15:43:21,4.73
Chanel,5691,Men’s and Women’s Clothing Stores,2024-10-31 15:43:28,6.94
Universal Studio Singapore,7996,"Amusement Parks, Carnivals, Circuses, Fortune Tellers",2024-10-31 15:43:32,4.23
Immigration & Checkpoints Authority,9399,Government Services not Elsewhere Classified,2024-10-31 15:43:37,4.26
Photobook Singapore,5999,Miscellaneous and Specialty Retail Stores,2024-10-31 15:43:41,4.34
Restaurant,5814,Fast Food Restaurants,2024-10-31 15:43:45,3.87
National University Of Singapore,8220,"Colleges, Junior Colleges, Universities, and Professional Schools",2024-10-31 15:43:48,3.74
Putien,5812,Eating Places and Restaurants,2024-10-31 15:43:53,4.46
Uber,4121,Taxicabs and Limousines,2024-10-31 15:43:57,4.28
Harry'S,5813,"Drinking Places alcoholic Beverages, Bars, Taverns, Cocktail Lounges, Nightclubs and Discotheques",2024-10-31 15:44:01,4.26
Isetan,5311,Department Stores,2024-10-31 15:44:06,4.52
Singsaver,6300,"Insurance Sales, Underwriting, and Premiums",2024-10-31 15:44:10,4.3
Body Fit Training (Bft),7997,"Membership Clubs sports, Recreation, Athletic, Country Clubs, and Private Golf Courses",2024-10-31 15:44:14,4.1
The Learning Lab,8299,Schools and Educational Services not Elsewhere Classified,2024-10-31 15:44:19,4.2
Ezbuy,5691,Men’s and Women’s Clothing Stores,2024-10-31 15:44:23,4.29
Etiqa Insurance,6300,"Insurance Sales, Underwriting, and Premiums",2024-10-31 15:44:27,4.32
Rentalcars.Com,7512,Car Rental Companies,2024-10-31 15:44:31,4.25
Tori Q,5812,Eating Places and Restaurants,2024-10-31 15:44:36,4.28
Scarlett Supermarket,5411,"Grocery Stores, Supermarkets",2024-10-31 15:44:39,3.77
Shilla Duty Free,5309,Duty Free Store,2024-10-31 15:44:44,4.08
Sixt Car Rental,3355,Sixt Car Rental,2024-10-31 15:44:48,4.27
Swee Heng 1989,5814,Fast Food Restaurants,2024-10-31 15:44:52,4.28
Aig Travel Insurance,6300,"Insurance Sales, Underwriting, and Premiums",2024-10-31 15:44:56,4.01
Lovebonito,5621,Women’s Ready-to-wear Stores,2024-10-31 15:45:00,3.94
Direct Asia Insurance,6300,"Insurance Sales, Underwriting, and Premiums",2024-10-31 15:45:04,3.64
Sushi Express,5814,Fast Food Restaurants,2024-10-31 15:45:08,4.2
Pan Pacific Hotel,7011,"Lodging – Hotels, Motels, Resorts, Central Reservation Services",2024-10-31 15:45:12,4.0
Tiong Bahru Bakery,5812,Eating Places and Restaurants,2024-10-31 15:45:16,3.9
Safra Treats,9399,Government Services not Elsewhere Classified,2024-10-31 15:45:20,3.78
Nitori,5712,"Furniture, Home Furnishings, and Equipment Stores, Except Appliances",2024-10-31 15:45:24,3.93
Hsbc,6012,Financial Institutions – Merchandise and Services,2024-10-31 15:45:27,3.92
Ipaymy,7399,"Business Services, Not Elsewhere Classified",2024-10-31 15:45:31,3.97
Soup Spoon,5814,Fast Food Restaurants,2024-10-31 15:45:35,3.94
Charles & Keith,5661,Shoe Stores,2024-10-31 15:45:39,3.78
Udemy,5734,Computer Software Stores,2024-10-31 15:45:43,3.95
Mothercare,5621,Women’s Ready-to-wear Stores,2024-10-31 15:45:47,4.04
Lenskart,8043,"Opticians, Opticians Goods and Eyeglasses",2024-10-31 15:45:51,3.94
Apple Music,5818,Digital Goods — Multi-category,2024-10-31 15:45:55,3.88
Prism+,5732,Electronics Sale,2024-10-31 15:45:59,3.73
Japan Home,5399,Miscellaneous General Merchandise,2024-10-31 15:46:03,3.96
Uob,6012,Financial Institutions – Merchandise and Services,2024-10-31 15:46:07,4.0
Jurong Polyclinic,8062,Hospitals,2024-10-31 15:46:11,3.97
Guzman Y Gomez,5814,Fast Food Restaurants,2024-10-31 15:46:14,3.54
Touch N Go,4784,Toll and Bridge Fees,2024-10-31 15:46:18,4.19
Google Payment Singapore Pte Ltd,5815,"Digital Goods — Media, books, movies, music",2024-10-31 15:46:22,4.15
Royal Caribbean,4411,Cruise and Steamship Lines,2024-10-31 15:46:26,3.89
Singpost,9402,Postal Services – Government Only,2024-10-31 15:46:30,4.02
One Motoring,9399,Government Services not Elsewhere Classified,2024-10-31 15:46:34,3.78
Singapore Zoo,9399,Government Services not Elsewhere Classified,2024-10-31 15:46:38,3.91
Korean Airlines,3082,Korean Airlines,2024-10-31 15:46:42,3.91
Mount Alvernia Hospital,8062,Hospitals,2024-10-31 15:46:46,4.04
Collin'S Grille,5812,Eating Places and Restaurants,2024-10-31 15:46:50,4.05
Birds Of Paradise,5812,Eating Places and Restaurants,2024-10-31 15:46:54,3.67
Allianz Travel Insurance,6300,"Insurance Sales, Underwriting, and Premiums",2024-10-31 15:46:58,3.93
World Of Hyatt Points Purchase,7399,"Business Services, Not Elsewhere Classified",2024-10-31 15:47:02,4.32
Food Junction,5814,Fast Food Restaurants,2024-10-31 15:47:06,4.26
Aesop,5977,Cosmetic Stores,2024-10-31 15:47:11,4.32
Raffles Hospital,8062,Hospitals,2024-10-31 15:47:14,3.62
Istudio,5732,Electronics Sale,2024-10-31 15:47:19,4.32
Whizcomms,4816,Computer Network Services,2024-10-31 15:47:23,4.28
Paradise Group,5812,Eating Places and Restaurants,2024-10-31 15:47:27,4.26
Skyscanner,4722,Travel Agencies and Tour Operations,2024-10-31 15:47:31,4.3
Heavenly Wang,5812,Eating Places and Restaurants,2024-10-31 15:47:36,4.44
Virgin Active,7298,Health and Beauty Shops,2024-10-31 15:47:40,3.9
Louis Vuitton,5631,Women’s Accessory and Specialty Shops,2024-10-31 15:47:44,4.3
Pet Lovers Centre,5995,"Pet Shops, Pet Foods, and Supplies Stores",2024-10-31 15:47:48,4.26
Fragrance Bak Kwa,5499,Miscellaneous Food Stores – Convenience Stores and Specialty Markets,2024-10-31 15:47:53,4.25
Japan Airlines,3006,Japan Airlines,2024-10-31 15:47:57,4.25
Swee Heng,5814,Fast Food Restaurants,2024-10-31 15:48:01,4.28
Sinopec,5541,Service Stations with Or Without Ancillary Services,2024-10-31 15:48:05,3.87
Ps Cafe,5812,Eating Places and Restaurants,2024-10-31 15:48:09,3.62
Metro,5311,Department Stores,2024-10-31 15:48:13,4.46
Marche,5813,"Drinking Places alcoholic Beverages, Bars, Taverns, Cocktail Lounges, Nightclubs and Discotheques",2024-10-31 15:48:17,4.27
Fortytwo,5712,"Furniture, Home Furnishings, and Equipment Stores, Except Appliances",2024-10-31 15:48:22,4.26
Gong Cha,5814,Fast Food Restaurants,2024-10-31 15:48:26,4.44
Smile Dental Group,8021,Dentists and Orthodontists,2024-10-31 15:48:30,3.91
Hl Assurance Travel Insurance,6300,"Insurance Sales, Underwriting, and Premiums",2024-10-31 15:48:34,3.74
Yakiniku Like,5812,Eating Places and Restaurants,2024-10-31 15:48:38,4.22
Cotton On,5691,Men’s and Women’s Clothing Stores,2024-10-31 15:48:42,4.23
2C2*Lalamove,4214,"Motor Freight Carriers, Moving and Storage Companies, Trucking – Local/long Distance, Delivery Services – Local",2024-10-31 15:48:46,4.28
Eagle Eye Centre,8011,Doctors and Physicians not Elsewhere Classified,2024-10-31 15:48:51,4.27
Helpling,5734,Computer Software Stores,2024-10-31 15:48:54,3.65
Twg Tea,5441,"Candy, Nut, and Confectionery Stores",2024-10-31 15:48:59,4.48
Under Armour,5941,Sporting Goods Stores,2024-10-31 15:49:04,5.11
Olive Young,5977,Cosmetic Stores,2024-10-31 15:49:08,4.38
Jumbo Seafood,5812,Eating Places and Restaurants,2024-10-31 15:49:13,4.34
Aston'S Specialties,5812,Eating Places and Restaurants,2024-10-31 15:49:17,4.3
Timezone,7994,Video Game Arcades/establishments,2024-10-31 15:49:21,4.25
Msig Travel Insurance,6300,"Insurance Sales, Underwriting, and Premiums",2024-10-31 15:49:25,4.25
Crystal Jade,5812,Eating Places and Restaurants,2024-10-31 15:49:30,4.3
The 1872 Clipper Tea Co. (Online),5499,Miscellaneous Food Stores – Convenience Stores and Specialty Markets,2024-10-31 17:45:07,4.93
Vistaprint,7333,"Commercial Photography, Art and Graphics",2024-10-31 17:45:12,4.65
Blinkist,7392,"Management, Consulting, and Public Relations Services",2024-10-31 17:45:17,4.63
Baby Central,5999,Miscellaneous and Specialty Retail Stores,2024-10-31 17:45:21,4.2
Banggood,5999,Miscellaneous and Specialty Retail Stores,2024-10-31 17:45:25,4.12
Scentses + Co,5977,Cosmetic Stores,2024-10-31 17:45:29,4.0
Namnam,5812,Eating Places and Restaurants,2024-10-31 17:45:33,4.38
Tiger Brewery Tour,7991,Tourist Attractions and Exhibits,2024-10-31 17:45:37,4.06
The Buffet,5812,Eating Places and Restaurants,2024-10-31 17:45:43,5.36
Fendi,5691,Men’s and Women’s Clothing Stores,2024-10-31 17:45:48,5.72
Adorama,5969,Direct Marketing – Not Elsewhere Classified,2024-10-31 17:45:53,4.6
Best World Lifestyle - Vs,5499,Miscellaneous Food Stores – Convenience Stores and Specialty Markets,2024-10-31 17:45:57,4.12
Singapore Cable Car,7513,Truck and Utility Trailer Rentals,2024-10-31 17:46:01,4.08
Hua Ting Restaurant,5814,Fast Food Restaurants,2024-10-31 17:46:05,4.18
Dtap @ Orchard,8011,Doctors and Physicians not Elsewhere Classified,2024-10-31 17:46:11,5.66
Haagen Daz,5812,Eating Places and Restaurants,2024-10-31 17:46:19,8.16
Singpet,5995,"Pet Shops, Pet Foods, and Supplies Stores",2024-10-31 17:46:26,6.67
Ministry Of Law,9399,Government Services not Elsewhere Classified,2024-10-31 17:46:31,5.42
Grt Jewellers,5999,Miscellaneous and Specialty Retail Stores,2024-10-31 17:46:36,4.72
Saks Fifth,5311,Department Stores,2024-10-31 17:46:41,5.39
Community Chest,9399,Government Services not Elsewhere Classified,2024-10-31 17:46:46,4.46
Drspa - Orchard Gateway,7298,Health and Beauty Shops,2024-10-31 17:46:50,4.56
Randy Indulgence Acai Bar,5814,Fast Food Restaurants,2024-10-31 17:46:58,7.03
The Whiskey Distillery,5499,Miscellaneous Food Stores – Convenience Stores and Specialty Markets,2024-10-31 17:47:03,5.8
Jimmy Choo,5631,Women’s Accessory and Specialty Shops,2024-10-31 17:47:09,5.64
The Boiler Room,5813,"Drinking Places alcoholic Beverages, Bars, Taverns, Cocktail Lounges, Nightclubs and Discotheques",2024-10-31 17:47:14,4.79
Men-Ichi Ramen,5812,Eating Places and Restaurants,2024-10-31 17:47:20,6.39
Yoga Inc.,5941,Sporting Goods Stores,2024-10-31 17:47:27,6.4
Pornhub Premium,5967,Direct Marketing – Inbound Telemarketing Merchant,2024-10-31 17:47:32,5.39
Pierre Cardin Lingerie,5621,Women’s Ready-to-wear Stores,2024-10-31 17:47:39,6.84
Coca Restaurants,5812,Eating Places and Restaurants,2024-10-31 17:47:44,5.43
Aeon,5311,Department Stores,2024-10-31 17:47:50,5.64
Babachews Bar Eatery,5812,Eating Places and Restaurants,2024-10-31 17:47:55,5.18
Foreo,5977,Cosmetic Stores,2024-10-31 17:48:02,6.52
Singapore Veterinary Association,742 ,Veterinary Services,2024-10-31 17:48:07,5.71
Taste Of India,5812,Eating Places and Restaurants,2024-10-31 17:48:13,6.05
Donergy Turkish,5814,Fast Food Restaurants,2024-10-31 17:48:20,6.6
Gaia Korean Restaurant,5812,Eating Places and Restaurants,2024-10-31 17:48:25,5.24
Tea Tree Cafe,5812,Eating Places and Restaurants,2024-10-31 17:48:33,7.45
Aldi,5411,"Grocery Stores, Supermarkets",2024-10-31 17:48:40,7.52
Maison 21G,5977,Cosmetic Stores,2024-10-31 17:48:49,8.56
Tocco Toscano,5948,Luggage and Leather Goods Shops,2024-10-31 17:48:56,7.58
Leica,5946,Camera and Photographic Supply Stores,2024-10-31 17:49:02,5.52
Jtb,4722,Travel Agencies and Tour Operations,2024-10-31 17:49:06,4.46
Deliverychinatown Pte Ltd,5812,Eating Places and Restaurants,2024-10-31 17:49:10,3.9
New Ubin Seafood Retail,5812,Eating Places and Restaurants,2024-10-31 17:49:14,4.24
Kin Kao Young,5812,Eating Places and Restaurants,2024-10-31 17:49:19,4.41
Singapore Sports Council,9399,Government Services not Elsewhere Classified,2024-10-31 17:49:23,4.47
New Ubin Seafood,5812,Eating Places and Restaurants,2024-10-31 17:49:28,4.46
Amari,5699,Miscellaneous Apparel and Accessory Shops,2024-10-31 17:49:32,4.55
Sushi Yujo,5812,Eating Places and Restaurants,2024-10-31 17:49:37,4.29
Racine Salon & Spa,7230,Barber and Beauty Shops,2024-10-31 17:49:41,3.93
Bookme,4722,Travel Agencies and Tour Operations,2024-10-31 17:49:44,3.77
Kwee Zeen,5812,Eating Places and Restaurants,2024-10-31 17:49:49,4.33
"Mulia Villa - Nusa Dua, Bali",7221,Photographic Studios,2024-10-31 17:49:53,4.27
Sol Mart,5411,"Grocery Stores, Supermarkets",2024-10-31 17:49:57,4.31
Daisy Limousine Service,4121,Taxicabs and Limousines,2024-10-31 17:50:02,4.4
Concept Watch,5944,"Watch, Clock, Jewelry, and Silverware Stores",2024-10-31 17:50:06,4.0
Sg Camera Store,5969,Direct Marketing – Not Elsewhere Classified,2024-10-31 17:50:09,3.77
Converse,5941,Sporting Goods Stores,2024-10-31 17:50:14,4.73
Thekchen Choling (S),8398,Charitable and Social Service Organizations,2024-10-31 17:50:18,4.27
Wix,5734,Computer Software Stores,2024-10-31 17:50:23,4.29
True Yoga,7997,"Membership Clubs sports, Recreation, Athletic, Country Clubs, and Private Golf Courses",2024-10-31 17:50:27,4.4
Bbq Tori Shokudo,5812,Eating Places and Restaurants,2024-10-31 17:50:31,4.38
Hush Candle,5719,Miscellaneous Home Furnishing Specialty Stores,2024-10-31 17:50:35,3.92
Oakley,5699,Miscellaneous Apparel and Accessory Shops,2024-10-31 17:50:40,4.13
Slr Revolution,5969,Direct Marketing – Not Elsewhere Classified,2024-10-31 17:50:44,4.25
Tamago En,5812,Eating Places and Restaurants,2024-10-31 17:50:48,4.28
Shangeri-La Restaurant,5814,Fast Food Restaurants,2024-10-31 17:50:52,4.22
Papi'S Tacos - Seah Street,5812,Eating Places and Restaurants,2024-10-31 17:50:57,4.4
En Dining,5812,Eating Places and Restaurants,2024-10-31 17:51:01,4.43
Nanyang Optical-Clm,8043,"Opticians, Opticians Goods and Eyeglasses",2024-10-31 17:51:05,3.83
Oto,5712,"Furniture, Home Furnishings, and Equipment Stores, Except Appliances",2024-10-31 17:51:09,4.49
August Bespoke,7399,"Business Services, Not Elsewhere Classified",2024-10-31 17:51:14,4.9
Sg Tuition,8299,Schools and Educational Services not Elsewhere Classified,2024-10-31 17:51:19,4.67
Arrow,7394,"Equipment Rental and Leasing Services, Tool Rental, Furniture Rental, and Appliance Rental",2024-10-31 17:51:24,4.67
Dragon Brand,5999,Miscellaneous and Specialty Retail Stores,2024-10-31 17:51:28,4.47
Joseph,742 ,Veterinary Services,2024-10-31 17:51:33,4.76
Yakiniku Like-Cm1,5812,Eating Places and Restaurants,2024-10-31 17:51:37,4.32
Kpo Cafe Bar,5813,"Drinking Places alcoholic Beverages, Bars, Taverns, Cocktail Lounges, Nightclubs and Discotheques",2024-10-31 17:51:42,4.26
Fragrant Garden,5814,Fast Food Restaurants,2024-10-31 17:51:45,3.9
Oscar'S,5812,Eating Places and Restaurants,2024-10-31 17:51:49,3.92
Hansang Korean Family Restaurant,5812,Eating Places and Restaurants,2024-10-31 17:51:54,4.47
Marcy,8999,Professional Services not Elsewhere Defined,2024-10-31 17:51:58,4.26
15 Stamford By Alvin Leung,5812,Eating Places and Restaurants,2024-10-31 17:52:02,4.28
Kydra,5611,Men’s and Boy’s Clothing and Accessories Stores,2024-10-31 17:52:07,4.54
Old Hen Coffee,5814,Fast Food Restaurants,2024-10-31 17:52:11,4.32
Bamboo,5977,Cosmetic Stores,2024-10-31 17:52:15,3.93
Aloft Hotels,3619,Aloft,2024-10-31 17:52:19,4.21
Browhaus Wheelock Ipp12,7230,Barber and Beauty Shops,2024-10-31 17:52:24,4.41
Apm Monaco,5944,"Watch, Clock, Jewelry, and Silverware Stores",2024-10-31 17:52:28,4.28
Lucia,5999,Miscellaneous and Specialty Retail Stores,2024-10-31 17:52:32,4.24
Spa Esprit,5977,Cosmetic Stores,2024-10-31 17:52:37,4.27
The Outnet,5621,Women’s Ready-to-wear Stores,2024-10-31 17:52:41,4.11
Omoomo,5814,Fast Food Restaurants,2024-10-31 17:52:45,3.86
Fangko + Coffee And Beer,5812,Eating Places and Restaurants,2024-10-31 17:52:50,5.18
Shop Viewsonic Sg,5732,Electronics Sale,2024-10-31 17:52:56,6.18
Sunglass Hut,8044,Optical Goods and Eyeglasses,2024-10-31 17:53:01,4.6
Salmon Samurai,5812,Eating Places and Restaurants,2024-10-31 17:53:06,4.64
Nordstrom,5311,Department Stores,2024-10-31 17:53:10,4.68
Ikki,5812,Eating Places and Restaurants,2024-10-31 17:53:15,4.97
A Poke Theory,5814,Fast Food Restaurants,2024-10-31 17:53:20,4.96
Thachang Sg,5814,Fast Food Restaurants,2024-10-31 17:53:25,5.17
Sp Yuhome.Sg,5712,"Furniture, Home Furnishings, and Equipment Stores, Except Appliances",2024-10-31 17:53:32,6.19
Millennium Hotels,7011,"Lodging – Hotels, Motels, Resorts, Central Reservation Services",2024-10-31 17:53:37,5.39
The Estate Co,5811,Caterers,2024-10-31 17:53:43,6.48
Bounce - Tomorrowvr,7999,Recreation Services not Elsewhere Classified,2024-10-31 17:53:50,6.76
Redhill - Valley Point,5814,Fast Food Restaurants,2024-10-31 17:53:56,5.84
Asia Excel,5722,Household Appliance Stores,2024-10-31 17:54:01,5.06
Folks Collective,5812,Eating Places and Restaurants,2024-10-31 17:54:07,5.4
Yeast Side,5814,Fast Food Restaurants,2024-10-31 17:54:14,7.09
Timbuk2,5699,Miscellaneous Apparel and Accessory Shops,2024-10-31 17:54:28,14.66
Agri-Food And Veterinary Authority Of Singapore,9399,Government Services not Elsewhere Classified,2024-10-31 17:54:45,17.19
Melissa,5947,"Card Shops, Gift, Novelty, and Souvenir Shops",2024-10-31 17:55:02,16.97
Chens Mapo Tofu,5812,Eating Places and Restaurants,2024-10-31 17:55:15,12.68
Novi Health,8011,Doctors and Physicians not Elsewhere Classified,2024-10-31 17:55:30,14.18
Urban Dental Spl 6M,8021,Dentists and Orthodontists,2024-10-31 17:55:38,8.1
Cherki,5812,Eating Places and Restaurants,2024-10-31 17:55:43,4.97
Mikimoto,5944,"Watch, Clock, Jewelry, and Silverware Stores",2024-10-31 17:55:49,5.9
Tay Junction,5940,Bicycle Shops – Sales and Service,2024-10-31 17:55:55,6.18
Hom Yoga,7941,"Commercial Sports, Athletic Fields, Professional Sports Clubs, and Sport Promoters",2024-10-31 17:55:59,4.64
Burp Bar &Amp; Kitchen,5812,Eating Places and Restaurants,2024-10-31 17:56:05,5.2
Soi Aroy@Sim Lim Square,5814,Fast Food Restaurants,2024-10-31 17:56:09,4.67
Putra Minang,5817,Digital Goods — Software Applications excluding games,2024-10-31 17:56:14,4.45
Fresh&Co,5812,Eating Places and Restaurants,2024-10-31 17:56:18,4.25
Rasel Catering,5811,Caterers,2024-10-31 17:56:25,6.95
Nozomi,5812,Eating Places and Restaurants,2024-10-31 17:56:30,4.64
The Polliwogs,7999,Recreation Services not Elsewhere Classified,2024-10-31 17:56:34,4.13
East Bistro Se,5814,Fast Food Restaurants,2024-10-31 17:56:38,4.67
Gifts Greetings,5947,"Card Shops, Gift, Novelty, and Souvenir Shops",2024-10-31 17:56:43,4.26
James,8999,Professional Services not Elsewhere Defined,2024-10-31 17:56:47,3.98
Montblanc,5944,"Watch, Clock, Jewelry, and Silverware Stores",2024-10-31 17:56:53,6.29
Simplygood,5734,Computer Software Stores,2024-10-31 17:57:06,12.74
The Hearing Solution,5975,"Hearing Aids – Sales, Service, and Supply Stores",2024-10-31 17:57:16,10.34
The Thread Theory,5691,Men’s and Women’s Clothing Stores,2024-10-31 17:57:24,7.57
Elements Wellness Pte Ltd,7230,Barber and Beauty Shops,2024-10-31 17:57:29,5.74
Chin Lee Restaurant,5812,Eating Places and Restaurants,2024-10-31 17:57:34,4.35
Amore,5999,Miscellaneous and Specialty Retail Stores,2024-10-31 17:57:39,5.02
Anytime Fitness @ Jurong,7298,Health and Beauty Shops,2024-10-31 17:57:43,4.36
Sp Wing Joo Loong,7399,"Business Services, Not Elsewhere Classified",2024-10-31 17:57:48,4.97
Mc² Experience,7311,Advertising Services,2024-10-31 17:57:57,8.77
Beautyfresh Pte Ltd,5977,Cosmetic Stores,2024-10-31 17:58:02,4.79
Hong Leong Assurance,6300,"Insurance Sales, Underwriting, and Premiums",2024-10-31 17:58:06,4.28
Group Therapy Cse,5814,Fast Food Restaurants,2024-10-31 17:58:11,4.82
6 Elements Hair Spa,7230,Barber and Beauty Shops,2024-10-31 17:58:16,4.94
8 Degrees,5714,"Drapery, Window Covering and Upholstery Stores",2024-10-31 17:58:21,5.67
Eatzi Gourmet Steakhouse & Bistro,5814,Fast Food Restaurants,2024-10-31 17:58:28,6.78
Mitsubishi Hc C,7399,"Business Services, Not Elsewhere Classified",2024-10-31 17:58:33,4.76
T.J. Maxx,5651,Family Clothing Stores,2024-10-31 17:58:38,5.42
Chezvous Hideaway,7230,Barber and Beauty Shops,2024-10-31 17:58:43,4.42
1Doc Bistro Heartbeat@Bedok,5814,Fast Food Restaurants,2024-10-31 17:58:48,4.84
M.A.C (Mac),5977,Cosmetic Stores,2024-10-31 17:58:54,6.31
Xpressflower,5992,Florists,2024-10-31 17:58:59,5.33
Vatos Urban Tacos,5814,Fast Food Restaurants,2024-10-31 17:59:05,5.59
Yi Dian Xin,5812,Eating Places and Restaurants,2024-10-31 17:59:11,6.07
Ambush - J8,5812,Eating Places and Restaurants,2024-10-31 17:59:17,5.61
Tuckshop,5813,"Drinking Places alcoholic Beverages, Bars, Taverns, Cocktail Lounges, Nightclubs and Discotheques",2024-10-31 17:59:21,4.86
Bornga,5812,Eating Places and Restaurants,2024-10-31 17:59:29,7.35
Discord,5734,Computer Software Stores,2024-10-31 17:59:34,5.32
Chez Suzette,5812,Eating Places and Restaurants,2024-10-31 17:59:41,6.73
Madame Tussauds New York,7991,Tourist Attractions and Exhibits,2024-10-31 17:59:46,4.67
Chomel,5631,Women’s Accessory and Specialty Shops,2024-10-31 17:59:50,4.67
W Hotels,3779,W Hotels,2024-10-31 17:59:56,6.29
House Of Seafood (Clarke Quay),5812,Eating Places and Restaurants,2024-10-31 18:00:02,5.04
Cars International,5999,Miscellaneous and Specialty Retail Stores,2024-10-31 18:00:07,5.76
Bicester Village,5531,Auto and Home Supply Outlets,2024-10-31 18:00:13,5.26
Wang Cafe,5812,Eating Places and Restaurants,2024-10-31 18:00:17,4.87
The Lunar Rabbit,5462,Bakeries,2024-10-31 18:00:23,5.6
Thirsty Horse,5812,Eating Places and Restaurants,2024-10-31 18:00:29,5.5
Oberstrasse Ca,5814,Fast Food Restaurants,2024-10-31 18:00:34,5.53
Seiko,5944,"Watch, Clock, Jewelry, and Silverware Stores",2024-10-31 18:00:39,4.68
Yacht,5621,Women’s Ready-to-wear Stores,2024-10-31 18:00:44,5.49
Omno,5734,Computer Software Stores,2024-10-31 18:00:49,4.79
Style Theory,5691,Men’s and Women’s Clothing Stores,2024-10-31 18:00:58,8.88
Optical 88,8044,Optical Goods and Eyeglasses,2024-10-31 18:01:06,7.9
Lovemere,5311,Department Stores,2024-10-31 18:01:13,7.33
Giorgio Armani,5651,Family Clothing Stores,2024-10-31 18:01:22,8.57
Parallel,7311,Advertising Services,2024-10-31 18:01:30,8.1
Rottnest Express,4111,"Local/suburban Commuter Passenger Transportation – Railroads, Ferries, Local Water Transportation",2024-10-31 18:01:36,5.75
Silverkris,5812,Eating Places and Restaurants,2024-10-31 18:01:42,5.85
Andersen'S Of Denmark,5812,Eating Places and Restaurants,2024-10-31 18:01:47,5.38
Lan Airlines,3052,Lanchile,2024-10-31 18:01:53,5.79
Jetblue Airways,3174,JetBlue Airways,2024-10-31 18:01:58,4.91
Locaba Low-Carb Bakery Singapore,5462,Bakeries,2024-10-31 18:02:04,6.68
Wellness For Life-Sq,8011,Doctors and Physicians not Elsewhere Classified,2024-10-31 18:02:10,5.25
Pay Later Instalment Pl,6012,Financial Institutions – Merchandise and Services,2024-10-31 18:02:18,8.07
Jones The Grocer,5411,"Grocery Stores, Supermarkets",2024-10-31 18:02:25,7.51
"1864, Sofitel Singapore City Centre",5813,"Drinking Places alcoholic Beverages, Bars, Taverns, Cocktail Lounges, Nightclubs and Discotheques",2024-10-31 18:02:30,5.08
Bikes N Bites,5940,Bicycle Shops – Sales and Service,2024-10-31 18:02:35,5.06
Synthesis,5814,Fast Food Restaurants,2024-10-31 18:02:40,4.39
Fassler Gourmet,5499,Miscellaneous Food Stores – Convenience Stores and Specialty Markets,2024-10-31 18:02:44,4.35
Anothersole Intl,5734,Computer Software Stores,2024-10-31 18:02:49,4.55
Virtual Room,7999,Recreation Services not Elsewhere Classified,2024-10-31 18:02:56,7.32
Cake Spade,5812,Eating Places and Restaurants,2024-10-31 18:03:04,8.0
Zenith,5944,"Watch, Clock, Jewelry, and Silverware Stores",2024-10-31 18:03:09,5.2
The Mango Tree,5814,Fast Food Restaurants,2024-10-31 18:03:16,6.94
Garibaldi Meucci Museum,7991,Tourist Attractions and Exhibits,2024-10-31 18:03:44,28.13
Www.Comodempsey.Sg,5812,Eating Places and Restaurants,2024-10-31 18:04:12,27.22
Party World Ktv,5813,"Drinking Places alcoholic Beverages, Bars, Taverns, Cocktail Lounges, Nightclubs and Discotheques",2024-10-31 18:04:27,15.09
Eat Offbeat,5812,Eating Places and Restaurants,2024-10-31 18:04:47,19.46
Jiji.Sg,5712,"Furniture, Home Furnishings, and Equipment Stores, Except Appliances",2024-10-31 18:05:10,22.73
Positive Psychology Ctr,8299,Schools and Educational Services not Elsewhere Classified,2024-10-31 18:05:22,11.56
Tong Le Private Dining,5812,Eating Places and Restaurants,2024-10-31 18:05:30,7.45
Beyond Pancakes,5812,Eating Places and Restaurants,2024-10-31 18:05:37,7.96
Anothersole - Vvc,5661,Shoe Stores,2024-10-31 18:05:44,6.95
Order,5815,"Digital Goods — Media, books, movies, music",2024-10-31 18:05:51,6.68
Calvin Klein Underwear,5699,Miscellaneous Apparel and Accessory Shops,2024-10-31 18:05:57,5.41
Coh Donation,8398,Charitable and Social Service Organizations,2024-10-31 18:06:03,6.94
Dickson Nasi Lemak,5734,Computer Software Stores,2024-10-31 18:06:12,8.93
Desigual,5651,Family Clothing Stores,2024-10-31 18:06:18,5.78
Victoria'S Secret,5621,Women’s Ready-to-wear Stores,2024-10-31 18:06:24,5.79
Megafurniture.Sg,5712,"Furniture, Home Furnishings, and Equipment Stores, Except Appliances",2024-10-31 18:06:29,5.46
Town Restaurant,5812,Eating Places and Restaurants,2024-10-31 18:06:35,5.68
Universal Traveller,5651,Family Clothing Stores,2024-10-31 18:06:41,6.06
Sift &Amp; Pick,8999,Professional Services not Elsewhere Defined,2024-10-31 18:06:47,5.38
Manna Korean Restaurant,5812,Eating Places and Restaurants,2024-10-31 18:06:52,5.18
Hostinger,5734,Computer Software Stores,2024-10-31 18:06:57,4.78
Knead Press,7297,Massage Parlors,2024-10-31 18:07:02,5.78
Tunglok Xihe Peking Duck,5812,Eating Places and Restaurants,2024-10-31 18:07:07,4.68
Chiropractic First - Bt - 6M,8041,Chiropractors,2024-10-31 18:07:12,4.61
Sincere Watch,5944,"Watch, Clock, Jewelry, and Silverware Stores",2024-10-31 18:07:16,4.62
The Dental Practice Be,8021,Dentists and Orthodontists,2024-10-31 18:07:21,4.9
"Mandarin Oriental, New York",7011,"Lodging – Hotels, Motels, Resorts, Central Reservation Services",2024-10-31 18:07:26,5.16
Ren Ci Nursing Home,8062,Hospitals,2024-10-31 18:07:31,4.84
A-One Claypot House @ Causeway Point,5814,Fast Food Restaurants,2024-10-31 18:07:36,5.25
Winestone,5812,Eating Places and Restaurants,2024-10-31 18:07:41,5.04
Coffee Club,5812,Eating Places and Restaurants,2024-10-31 18:07:46,4.67
Scrum.Org,8299,Schools and Educational Services not Elsewhere Classified,2024-10-31 18:07:51,4.5
Camilla,5691,Men’s and Women’s Clothing Stores,2024-10-31 18:07:55,4.68
Providoor,5499,Miscellaneous Food Stores – Convenience Stores and Specialty Markets,2024-10-31 18:08:00,4.42
Jucy,4722,Travel Agencies and Tour Operations,2024-10-31 18:08:05,4.9
Geekbuying,5999,Miscellaneous and Specialty Retail Stores,2024-10-31 18:08:10,5.07
Mobile Tyre Shop,5532,Automotive Tire Stores,2024-10-31 18:08:16,5.95
Ticketnetwork,7922,"Theatrical Producers except Motion Pictures, Ticket Agencies",2024-10-31 18:08:21,5.7
Icebreaker,5691,Men’s and Women’s Clothing Stores,2024-10-31 18:08:26,5.05
City Perfume,5977,Cosmetic Stores,2024-10-31 18:08:31,5.0
Evolve Skateboard,5941,Sporting Goods Stores,2024-10-31 18:08:36,5.0
Sprout Organic,5499,Miscellaneous Food Stores – Convenience Stores and Specialty Markets,2024-10-31 18:08:41,4.81
Fika Fika Café (Eslite),5942,Book Stores,2024-10-31 18:08:46,4.96
Petbarn,5995,"Pet Shops, Pet Foods, and Supplies Stores",2024-10-31 18:08:51,4.99
Freely Travel Insurance,6300,"Insurance Sales, Underwriting, and Premiums",2024-10-31 18:08:56,5.1
Platypus Shoes,5661,Shoe Stores,2024-10-31 18:09:03,6.71
Australian Ugg Boots,5661,Shoe Stores,2024-10-31 18:09:08,5.43
Curtain Wonderland,5714,"Drapery, Window Covering and Upholstery Stores",2024-10-31 18:09:15,6.15
The Sneaker Laundry,7251,"Shoe Repair Shops, Shoe Shine Parlors, and Hat Cleaning Shops",2024-10-31 18:09:24,9.96
Heysara,8931,"Accounting, Auditing, and Bookkeeping Services",2024-10-31 18:09:39,14.42
Le Coq Sportif,5999,Miscellaneous and Specialty Retail Stores,2024-10-31 18:09:45,5.94
Mr Biryani,5812,Eating Places and Restaurants,2024-10-31 18:09:55,10.37
Coslab,7298,Health and Beauty Shops,2024-10-31 18:10:04,8.25
Casa And Maison,5065,Electrical Parts and Equipment,2024-10-31 18:10:09,5.46
A&A Cafe & Bistro,5812,Eating Places and Restaurants,2024-10-31 18:10:15,5.56
Ang Mo Kio - Thye Hua Kwan Hospital,8062,Hospitals,2024-10-31 18:10:20,5.16
Powerhouse,5732,Electronics Sale,2024-10-31 18:10:28,8.26
Xp-Pen,5999,Miscellaneous and Specialty Retail Stores,2024-10-31 18:10:37,9.28
Heinemann Duty Free,5309,Duty Free Store,2024-10-31 18:10:45,7.87
Vans,5691,Men’s and Women’s Clothing Stores,2024-10-31 18:10:51,5.35
Natures Farm,5499,Miscellaneous Food Stores – Convenience Stores and Specialty Markets,2024-10-31 18:10:56,5.3
Accessorize,5699,Miscellaneous Apparel and Accessory Shops,2024-10-31 18:11:01,5.58
Bob Bar,5813,"Drinking Places alcoholic Beverages, Bars, Taverns, Cocktail Lounges, Nightclubs and Discotheques",2024-10-31 18:11:07,5.48
Millenium Hotels,7011,"Lodging – Hotels, Motels, Resorts, Central Reservation Services",2024-10-31 18:11:16,8.76
"Cali, Raffles Place",5814,Fast Food Restaurants,2024-10-31 18:11:21,5.5
Gentle Armour | Moody Tiger+Bixbi Bikes 工作室,5641,Children’s and Infant’s Wear Stores,2024-10-31 18:11:28,6.15
Magnum X Tigerlily Patisserie,5411,"Grocery Stores, Supermarkets",2024-10-31 18:11:33,5.21
Tsuta Japanese Soba Noodles,5814,Fast Food Restaurants,2024-10-31 18:11:38,5.68
W Singapore - Sentosa Cove,7011,"Lodging – Hotels, Motels, Resorts, Central Reservation Services",2024-10-31 18:11:44,5.48
Thomas Sabo,5944,"Watch, Clock, Jewelry, and Silverware Stores",2024-10-31 18:11:50,5.67
Chao Ting Teochew Pao Fan,5812,Eating Places and Restaurants,2024-10-31 18:11:56,6.2
Hanare By Takayama,5812,Eating Places and Restaurants,2024-10-31 18:12:04,8.14
Chess.Com,8299,Schools and Educational Services not Elsewhere Classified,2024-10-31 18:12:11,6.53
Norwegian Air Shuttle,3211,Norwegian Air Shuttle,2024-10-31 18:12:16,5.45
Ollie,8999,Professional Services not Elsewhere Defined,2024-10-31 18:12:21,4.83
Iroha Mart,5411,"Grocery Stores, Supermarkets",2024-10-31 18:12:25,4.48
Bedtribe - 3,5999,Miscellaneous and Specialty Retail Stores,2024-10-31 18:12:30,4.35
Pan Pacific Seattle,7011,"Lodging – Hotels, Motels, Resorts, Central Reservation Services",2024-10-31 18:12:34,4.77
Banana Leaf: Malaysian Cuisine,5814,Fast Food Restaurants,2024-10-31 18:12:39,4.56
Sommar Beauty And Wellness,7298,Health and Beauty Shops,2024-10-31 18:12:44,4.61
Bistro Du Vin,5812,Eating Places and Restaurants,2024-10-31 18:12:48,4.71
Sunday Folks,5812,Eating Places and Restaurants,2024-10-31 18:12:53,4.69
Oh My Goodness Kids,5814,Fast Food Restaurants,2024-10-31 18:12:57,4.1
New Shan Travel,4722,Travel Agencies and Tour Operations,2024-10-31 18:13:01,4.39
Hearing Partners Amk,5975,"Hearing Aids – Sales, Service, and Supply Stores",2024-10-31 18:13:06,4.37
J Bar,7011,"Lodging – Hotels, Motels, Resorts, Central Reservation Services",2024-10-31 18:13:11,4.91
Cellarbration-Ipp,5921,"Package Stores – Beer, Wine, and Liquor",2024-10-31 18:13:15,4.47
Tambuah Mas,5812,Eating Places and Restaurants,2024-10-31 18:13:20,4.34
Max Now Pte Ltd,5311,Department Stores,2024-10-31 18:13:24,4.57
Kickstarter Boldr Odys,5944,"Watch, Clock, Jewelry, and Silverware Stores",2024-10-31 18:13:29,4.74
The Daily Blooms,5992,Florists,2024-10-31 18:13:33,4.54
Travelgenio,5699,Miscellaneous Apparel and Accessory Shops,2024-10-31 18:13:38,4.49
Rise,5812,Eating Places and Restaurants,2024-10-31 18:13:42,3.75
Glow Beauty Bar Cranford,7230,Barber and Beauty Shops,2024-10-31 18:13:46,4.21
Evernote,5817,Digital Goods — Software Applications excluding games,2024-10-31 18:13:50,4.48
Alijiang Silk Road Cuisine,5812,Eating Places and Restaurants,2024-10-31 18:13:55,4.37
Bbq Friend,5812,Eating Places and Restaurants,2024-10-31 18:14:00,5.5
Any Day Florist,5992,Florists,2024-10-31 18:14:04,4.13
Seafood Paradise,5812,Eating Places and Restaurants,2024-10-31 18:14:09,4.21
Kim Able Household - Jp,5722,Household Appliance Stores,2024-10-31 18:14:13,4.07
Mui Kee Shaw,5814,Fast Food Restaurants,2024-10-31 18:14:17,4.16
Daehwa Vegetarian Restaurant,5812,Eating Places and Restaurants,2024-10-31 18:14:21,4.16
Gin Thye,5399,Miscellaneous General Merchandise,2024-10-31 18:14:25,4.08
Les Amis,5699,Miscellaneous Apparel and Accessory Shops,2024-10-31 18:14:30,5.22
Riverside Grilled Fish Tb,5812,Eating Places and Restaurants,2024-10-31 18:14:37,6.47
Decker Barbeque,5812,Eating Places and Restaurants,2024-10-31 18:14:44,6.88
Anteroom,5812,Eating Places and Restaurants,2024-10-31 18:14:48,4.81
Joaquim Florist,5992,Florists,2024-10-31 18:14:53,4.28
Build Built,7372,"Computer Programming, Integrated Systems Design and Data Processing Services",2024-10-31 18:14:57,4.0
Maison De P,1799,"Contractors – Special Trade, Not Elsewhere Classified",2024-10-31 18:15:02,5.0
Boxgreen,5814,Fast Food Restaurants,2024-10-31 18:15:06,4.68
5 Emerald Hill,5813,"Drinking Places alcoholic Beverages, Bars, Taverns, Cocktail Lounges, Nightclubs and Discotheques",2024-10-31 18:15:11,4.26
Honor,5947,"Card Shops, Gift, Novelty, and Souvenir Shops",2024-10-31 18:15:15,4.42
Tupperware,5999,Miscellaneous and Specialty Retail Stores,2024-10-31 18:15:20,4.7
Cacaoat X Chocolate Origin,5462,Bakeries,2024-10-31 18:15:25,4.83
Blackbird Pub & Restaurant,5813,"Drinking Places alcoholic Beverages, Bars, Taverns, Cocktail Lounges, Nightclubs and Discotheques",2024-10-31 18:15:29,4.8
Tp Animal Clinic,742 ,Veterinary Services,2024-10-31 18:15:36,6.14
Not Too Big,5641,Children’s and Infant’s Wear Stores,2024-10-31 18:15:41,5.26
Unisoln,5814,Fast Food Restaurants,2024-10-31 18:15:46,5.4
Trader Joe'S Market,5411,"Grocery Stores, Supermarkets",2024-10-31 18:15:51,4.96
Btega,5999,Miscellaneous and Specialty Retail Stores,2024-10-31 18:15:55,4.31
Benji Pet,5995,"Pet Shops, Pet Foods, and Supplies Stores",2024-10-31 18:16:00,4.3
Opus Bar & Grill,5814,Fast Food Restaurants,2024-10-31 18:16:04,4.37
Ohvola,5621,Women’s Ready-to-wear Stores,2024-10-31 18:16:10,5.47
Steve Madden,5611,Men’s and Boy’s Clothing and Accessories Stores,2024-10-31 18:16:15,5.75
Reebok,5655,"Sports Apparel, Riding Apparel Stores",2024-10-31 18:16:21,5.89
Smooy,5812,Eating Places and Restaurants,2024-10-31 18:16:27,5.62
Lime & Salt Restaurant Bar,5814,Fast Food Restaurants,2024-10-31 18:16:31,4.57
Godmama,5812,Eating Places and Restaurants,2024-10-31 18:16:36,4.47
Anglo Indian Cafe & Bar,5812,Eating Places and Restaurants,2024-10-31 18:16:40,4.56
Suki-Suki Thai,5812,Eating Places and Restaurants,2024-10-31 18:16:45,4.62
Bonchon,5812,Eating Places and Restaurants,2024-10-31 18:16:50,4.66
Botanico,5812,Eating Places and Restaurants,2024-10-31 18:16:55,4.91
One&Only Desaru Coast,7011,"Lodging – Hotels, Motels, Resorts, Central Reservation Services",2024-10-31 18:17:01,6.7
Barista,5812,Eating Places and Restaurants,2024-10-31 18:17:08,6.15
Old Street Bak Kut Teh,5812,Eating Places and Restaurants,2024-10-31 18:17:13,5.8
Intemedical,8011,Doctors and Physicians not Elsewhere Classified,2024-10-31 18:17:18,4.83
Hong Kong Airlines,4511,"Airlines, Air Carriers",2024-10-31 18:17:23,4.67
O' Coffee Club Xpress,5812,Eating Places and Restaurants,2024-10-31 18:17:29,5.74
Golfers' Terrace,7997,"Membership Clubs sports, Recreation, Athletic, Country Clubs, and Private Golf Courses",2024-10-31 18:17:33,4.89
Kuro Maguro,5812,Eating Places and Restaurants,2024-10-31 18:17:38,4.67
Takeshi-San,5812,Eating Places and Restaurants,2024-10-31 18:17:44,5.71
Barbería Premium,7230,Barber and Beauty Shops,2024-10-31 18:50:43,4.35
Hang Ten,5691,Men’s and Women’s Clothing Stores,2024-10-31 18:50:49,6.08
Menzo Butao @ Changi City Point,5814,Fast Food Restaurants,2024-10-31 18:50:53,4.81
Nautica,5691,Men’s and Women’s Clothing Stores,2024-10-31 18:50:59,5.55
Goethe Institut,8244,Business and Secretarial Schools,2024-10-31 18:51:04,5.24
Porcelain Pte Ltd,7298,Health and Beauty Shops,2024-10-31 18:51:10,5.65
Prince Hotels,3526,Prince Hotels,2024-10-31 18:51:15,5.15
Addictude,5812,Eating Places and Restaurants,2024-10-31 18:51:22,6.5
Soo Kee Jewellery,5944,"Watch, Clock, Jewelry, and Silverware Stores",2024-10-31 18:51:27,5.8
Southwest Airlines,3066,Southwest,2024-10-31 18:51:32,4.95
European Auto Expo,5592,Motor Home Dealers,2024-10-31 18:51:37,5.04
Hulu,4899,"Cable, Satellite and Other Pay Television/radio/streaming Services",2024-10-31 18:51:42,4.6
Brasserie Gavroche,5813,"Drinking Places alcoholic Beverages, Bars, Taverns, Cocktail Lounges, Nightclubs and Discotheques",2024-10-31 18:51:46,4.41
Steinway Gallery,5733,"Music Stores, Musical Instruments, Piano Sheet Music",2024-10-31 18:51:51,4.24
Alfred,8999,Professional Services not Elsewhere Defined,2024-10-31 18:51:56,5.42
Bakerzin,5462,Bakeries,2024-10-31 18:52:02,6.0
Sp Thai Collective,5734,Computer Software Stores,2024-10-31 18:52:08,5.89
Il Cielo,5814,Fast Food Restaurants,2024-10-31 18:52:15,6.97
Bonding Kitchen,5814,Fast Food Restaurants,2024-10-31 18:52:23,8.55
Best Western,3502,Best Western Hotels,2024-10-31 18:52:30,6.91
Pallet Cafe Bar,5812,Eating Places and Restaurants,2024-10-31 18:52:39,8.83
Rack N Roll Family Fun Center,7999,Recreation Services not Elsewhere Classified,2024-10-31 18:52:45,5.38
Druk Asia,4722,Travel Agencies and Tour Operations,2024-10-31 18:52:53,8.82
Grill By Cut,5812,Eating Places and Restaurants,2024-10-31 18:53:02,8.88
King Of Wagyu,5422,Meat Provisioners – Freezer and Locker,2024-10-31 18:53:10,7.68
Mak'S Noodle,5812,Eating Places and Restaurants,2024-10-31 18:53:17,7.18
Regent Galleria,7298,Health and Beauty Shops,2024-10-31 18:53:28,10.38
The Spot,5812,Eating Places and Restaurants,2024-10-31 18:53:34,6.46
Bar Intermezzo,7011,"Lodging – Hotels, Motels, Resorts, Central Reservation Services",2024-10-31 18:53:40,5.71
Hoang Hau,5812,Eating Places and Restaurants,2024-10-31 18:53:46,6.05
Missfits,5719,Miscellaneous Home Furnishing Specialty Stores,2024-10-31 18:53:53,7.24
Dish The Fish,5499,Miscellaneous Food Stores – Convenience Stores and Specialty Markets,2024-10-31 18:53:59,5.89
Bar Bar Black Sheep,5812,Eating Places and Restaurants,2024-10-31 18:54:04,5.41
Revival,5813,"Drinking Places alcoholic Beverages, Bars, Taverns, Cocktail Lounges, Nightclubs and Discotheques",2024-10-31 18:54:09,4.87
Chemist,5611,Men’s and Boy’s Clothing and Accessories Stores,2024-10-31 18:54:14,5.24
Plus500,6211,Security Brokers/dealers,2024-10-31 18:54:19,4.69
Bee'S Knees,5812,Eating Places and Restaurants,2024-10-31 18:54:28,8.89
Inochi,5814,Fast Food Restaurants,2024-10-31 18:54:36,8.4
Jett Barbecue,5734,Computer Software Stores,2024-10-31 18:54:44,7.22
Yakiniku Taro,5812,Eating Places and Restaurants,2024-10-31 18:54:50,6.27
Sorella-Jp,5631,Women’s Accessory and Specialty Shops,2024-10-31 18:55:00,10.36
Ig Markets,6211,Security Brokers/dealers,2024-10-31 18:55:06,5.68
Grin Affair,5812,Eating Places and Restaurants,2024-10-31 18:55:14,8.02
Himawari,5399,Miscellaneous General Merchandise,2024-10-31 18:55:19,5.28
Wordery,5942,Book Stores,2024-10-31 18:55:30,10.23
Ayasofya Llp,5812,Eating Places and Restaurants,2024-10-31 18:55:37,7.15
Riverside Grilled Fish-Ne,5812,Eating Places and Restaurants,2024-10-31 18:55:42,5.67
Etna,5651,Family Clothing Stores,2024-10-31 18:55:48,5.15
Concorde Hotels,3538,Concorde Hotels,2024-10-31 18:55:52,4.68
Oakwood,7011,"Lodging – Hotels, Motels, Resorts, Central Reservation Services",2024-10-31 18:55:58,5.51
Jet Airways,3056,Quebecaire,2024-10-31 18:56:03,5.14
Yi Qian Private Dining,5812,Eating Places and Restaurants,2024-10-31 18:56:08,4.73
Carl'S Junior,5814,Fast Food Restaurants,2024-10-31 18:56:13,4.83
Grain Traders,5812,Eating Places and Restaurants,2024-10-31 18:56:17,4.91
Gap,5691,Men’s and Women’s Clothing Stores,2024-10-31 18:56:23,5.64
Nalan (City Hall),5812,Eating Places and Restaurants,2024-10-31 18:56:29,5.45
Franck Muller-Mbs,5944,"Watch, Clock, Jewelry, and Silverware Stores",2024-10-31 18:56:34,5.2
Ideal Auto Protect,7531,Automotive Body Repair Shops,2024-10-31 18:56:38,4.05
Ugg Store,5661,Shoe Stores,2024-10-31 18:56:42,4.57
Dorsett Singapore,7011,"Lodging – Hotels, Motels, Resorts, Central Reservation Services",2024-10-31 18:56:47,4.42
Victoria Facelift,5999,Miscellaneous and Specialty Retail Stores,2024-10-31 18:56:52,5.69
The Butcher'S Wife,5812,Eating Places and Restaurants,2024-10-31 18:56:59,6.24
Six Senses,7011,"Lodging – Hotels, Motels, Resorts, Central Reservation Services",2024-10-31 18:57:05,5.99
Hari'S Lobby Lounge & Bar,5813,"Drinking Places alcoholic Beverages, Bars, Taverns, Cocktail Lounges, Nightclubs and Discotheques",2024-10-31 18:57:12,6.58
Jinhonten -  Kissajin,5812,Eating Places and Restaurants,2024-10-31 18:57:18,6.29
Pod 39,7011,"Lodging – Hotels, Motels, Resorts, Central Reservation Services",2024-10-31 18:57:31,13.06
Primal Cut,5812,Eating Places and Restaurants,2024-10-31 18:57:37,5.42
Ibenma,5712,"Furniture, Home Furnishings, and Equipment Stores, Except Appliances",2024-10-31 18:57:42,5.22
Memo Shish Kebab,5814,Fast Food Restaurants,2024-10-31 18:57:47,5.33
Hui Lau Shan,5812,Eating Places and Restaurants,2024-10-31 18:57:52,4.89
Funfit,5655,"Sports Apparel, Riding Apparel Stores",2024-10-31 18:58:01,8.89
Autodesk,5734,Computer Software Stores,2024-10-31 18:58:07,5.6
Aleenta Phuket - Phang Nga Resort & Spa,7011,"Lodging – Hotels, Motels, Resorts, Central Reservation Services",2024-10-31 18:58:15,8.43
"Sabio By The Sea, Tapas Bar & Grill",5814,Fast Food Restaurants,2024-10-31 18:58:22,7.43
Chir Chir,5812,Eating Places and Restaurants,2024-10-31 18:58:31,8.09
Skinny Pizza,5812,Eating Places and Restaurants,2024-10-31 18:58:37,5.93
Printcious.Com,5947,"Card Shops, Gift, Novelty, and Souvenir Shops",2024-10-31 18:58:43,6.38
Scene Shang,5719,Miscellaneous Home Furnishing Specialty Stores,2024-10-31 18:58:48,5.24
Little Caesar,5311,Department Stores,2024-10-31 18:58:57,9.24
Van Heusen,5611,Men’s and Boy’s Clothing and Accessories Stores,2024-10-31 18:59:03,5.72
Airvays,4722,Travel Agencies and Tour Operations,2024-10-31 18:59:08,5.04
Beef Bro,5814,Fast Food Restaurants,2024-10-31 18:59:17,8.58
Shima Restaurant,5812,Eating Places and Restaurants,2024-10-31 18:59:26,9.33
Theimprint.Sg,5399,Miscellaneous General Merchandise,2024-10-31 18:59:31,5.26
Hill Street Coffee Shop,5812,Eating Places and Restaurants,2024-10-31 18:59:37,5.66
The Quincy Hotel,7011,"Lodging – Hotels, Motels, Resorts, Central Reservation Services",2024-10-31 18:59:42,5.32
Strip Parkway Parade,7298,Health and Beauty Shops,2024-10-31 18:59:49,6.3
Shin Yeh Restaurant,5812,Eating Places and Restaurants,2024-10-31 19:00:06,17.13
Farm Fresh Inc,5715,Alcoholic Beverage Wholesalers,2024-10-31 19:00:13,6.63
Senshi Pte. Ltd.,5814,Fast Food Restaurants,2024-10-31 19:00:20,7.03
Illum,5712,"Furniture, Home Furnishings, and Equipment Stores, Except Appliances",2024-10-31 19:00:29,9.11
The Urbanfindr,7399,"Business Services, Not Elsewhere Classified",2024-10-31 19:00:34,5.68
1 2 Cycle,5940,Bicycle Shops – Sales and Service,2024-10-31 19:00:40,5.46
Google Play Music,5968,Direct Marketing – Continuity/subscription Merchant,2024-10-31 19:00:45,5.14
Escape Latino,5814,Fast Food Restaurants,2024-10-31 19:00:53,7.78
Merdandy Bar & Cafe,5813,"Drinking Places alcoholic Beverages, Bars, Taverns, Cocktail Lounges, Nightclubs and Discotheques",2024-10-31 19:01:03,10.25
Betterworldbooks,5399,Miscellaneous General Merchandise,2024-10-31 19:01:11,7.82
Futur Living,5734,Computer Software Stores,2024-10-31 19:01:28,16.69
Sos Restaurants,5813,"Drinking Places alcoholic Beverages, Bars, Taverns, Cocktail Lounges, Nightclubs and Discotheques",2024-10-31 19:01:46,18.55
Cali,5812,Eating Places and Restaurants,2024-10-31 19:01:57,11.3
Dojin,5411,"Grocery Stores, Supermarkets",2024-10-31 19:02:06,8.31
Sushi On Jones X Don Wagyu,5814,Fast Food Restaurants,2024-10-31 19:02:12,6.27
Noku Maldives,7011,"Lodging – Hotels, Motels, Resorts, Central Reservation Services",2024-10-31 19:02:19,6.41
Jusco,5411,"Grocery Stores, Supermarkets",2024-10-31 19:02:31,12.23
Polwel,5734,Computer Software Stores,2024-10-31 19:02:39,8.15
Imperial Treasure Fine Chinese Cuisine,5812,Eating Places and Restaurants,2024-10-31 19:02:46,6.56
Arzábal Reina Sofia Museum,5812,Eating Places and Restaurants,2024-10-31 19:02:59,13.09
Spice Brasserie,5812,Eating Places and Restaurants,2024-10-31 19:03:06,7.64
C2 Of City Chain,5944,"Watch, Clock, Jewelry, and Silverware Stores",2024-10-31 19:03:12,5.62
Makena'S Mart,5411,"Grocery Stores, Supermarkets",2024-10-31 19:03:17,4.73
Le Steak Singapore,5814,Fast Food Restaurants,2024-10-31 19:03:24,7.78
Tendon Itsuki,5812,Eating Places and Restaurants,2024-10-31 19:03:31,6.21
Sushi Jiro At Parkroyal Marina Bay,5814,Fast Food Restaurants,2024-10-31 19:03:39,7.98
Fabulous Baker Boy,5812,Eating Places and Restaurants,2024-10-31 19:03:45,5.91
Toms Shoes,5661,Shoe Stores,2024-10-31 19:03:53,8.42
Paul'S Caribbean Bakery Inc.,5462,Bakeries,2024-10-31 19:04:01,7.64
One Championship,5815,"Digital Goods — Media, books, movies, music",2024-10-31 19:04:09,8.57
Peninsula Excelsior Hotel,7011,"Lodging – Hotels, Motels, Resorts, Central Reservation Services",2024-10-31 19:04:17,7.43
Bee Spa,7297,Massage Parlors,2024-10-31 19:04:23,6.26
Pàn,5812,Eating Places and Restaurants,2024-10-31 19:04:29,5.52
Wildseed Bar,5812,Eating Places and Restaurants,2024-10-31 19:04:34,4.73
Left-Handesign,5943,"Stationery Stores, Office and School Supply Stores",2024-10-31 19:04:38,4.77
Kiyo,5621,Women’s Ready-to-wear Stores,2024-10-31 19:04:43,5.16
Celmonze The Signature,7298,Health and Beauty Shops,2024-10-31 19:04:48,4.54
Angra Wine &Amp; Spirit,5921,"Package Stores – Beer, Wine, and Liquor",2024-10-31 19:04:53,4.66
No Signboard Seafood Restaurant,5812,Eating Places and Restaurants,2024-10-31 19:04:58,5.21
Forever21,5621,Women’s Ready-to-wear Stores,2024-10-31 19:05:04,5.96
Charlie,8999,Professional Services not Elsewhere Defined,2024-10-31 19:05:09,5.27
Four Points Eatery,7011,"Lodging – Hotels, Motels, Resorts, Central Reservation Services",2024-10-31 19:05:15,5.72
Ariston Uni,8999,Professional Services not Elsewhere Defined,2024-10-31 19:05:19,4.64
Dancepoint Dan,5815,"Digital Goods — Media, books, movies, music",2024-10-31 19:05:27,7.23
Hong Kong Sheng Kee Dessert,5812,Eating Places and Restaurants,2024-10-31 19:05:35,8.54
Spruce,5812,Eating Places and Restaurants,2024-10-31 19:05:42,7.04
Alegria Singapore,5812,Eating Places and Restaurants,2024-10-31 19:05:48,6.1
Fromjapanli,5945,"Hobby, Toy, and Game Shops",2024-10-31 19:05:56,7.91
Eyekonik,5137,Men’s Women’s and Children’s Uniforms and Commercial Clothing,2024-10-31 19:06:01,5.1
42Race,8641,"Civic, Fraternal, and Social Associations",2024-10-31 19:06:06,4.64
Mason Smith,5999,Miscellaneous and Specialty Retail Stores,2024-10-31 19:06:11,4.75
Keds,5661,Shoe Stores,2024-10-31 19:06:15,4.67
Cue Guru,7932,Billiard and Pool Establishments,2024-10-31 19:06:20,4.23
Insane Meals (Ketomei),5734,Computer Software Stores,2024-10-31 19:06:28,8.29
Eco. Modern Essentials,5977,Cosmetic Stores,2024-10-31 19:06:33,4.66
Dr Clear Aligners,8011,Doctors and Physicians not Elsewhere Classified,2024-10-31 19:06:37,4.6
Koji,5945,"Hobby, Toy, and Game Shops",2024-10-31 19:06:42,4.91
Pomelo,5621,Women’s Ready-to-wear Stores,2024-10-31 19:06:47,4.86
Well Bred,5999,Miscellaneous and Specialty Retail Stores,2024-10-31 19:06:53,5.82
Bushido,5812,Eating Places and Restaurants,2024-10-31 19:07:00,7.55
Ll Bean,5651,Family Clothing Stores,2024-10-31 19:07:08,7.21
Shopwise,5411,"Grocery Stores, Supermarkets",2024-10-31 19:07:15,7.3
Boundbywine,5921,"Package Stores – Beer, Wine, and Liquor",2024-10-31 19:07:24,8.69
Sea Gamer Mall,5816,Digital Goods — Games,2024-10-31 19:07:29,5.78
Quay House,5812,Eating Places and Restaurants,2024-10-31 19:07:34,4.79
Artisan Boulangerie Co.,5812,Eating Places and Restaurants,2024-10-31 19:07:39,5.13
Treknology,5940,Bicycle Shops – Sales and Service,2024-10-31 19:07:44,4.54
Attap House,5814,Fast Food Restaurants,2024-10-31 19:07:49,5.03
Wulao Hotpot,5814,Fast Food Restaurants,2024-10-31 19:07:58,9.09
Portmans Bar,5812,Eating Places and Restaurants,2024-10-31 19:08:03,4.95
Pot Pa Hot Pot,5814,Fast Food Restaurants,2024-10-31 19:08:08,4.69
Treatsure Concept Store,5411,"Grocery Stores, Supermarkets",2024-10-31 19:08:14,6.44
Pan Pacific Serviced Suites Beach Road,7011,"Lodging – Hotels, Motels, Resorts, Central Reservation Services",2024-10-31 19:08:19,4.85
-Hamilton,4816,Computer Network Services,2024-10-31 19:08:24,5.07
Gather,5999,Miscellaneous and Specialty Retail Stores,2024-10-31 19:08:29,5.14
Computer Universe,5732,Electronics Sale,2024-10-31 19:08:34,4.96
Operetta Corner Bar,5812,Eating Places and Restaurants,2024-10-31 19:08:39,4.93
Singapore Home Cooks,5499,Miscellaneous Food Stores – Convenience Stores and Specialty Markets,2024-10-31 19:08:44,4.86
Picolino,5812,Eating Places and Restaurants,2024-10-31 19:08:49,4.72
Changi Cove,7011,"Lodging – Hotels, Motels, Resorts, Central Reservation Services",2024-10-31 19:08:54,5.41
Rocku Yakiniku,5812,Eating Places and Restaurants,2024-10-31 19:08:59,4.93
Upcakes,4829,Wire Transfers and Money Orders,2024-10-31 19:09:05,6.34
An Digital Lock Pl(12M),5732,Electronics Sale,2024-10-31 19:09:11,5.51
Rabeanco,5948,Luggage and Leather Goods Shops,2024-10-31 19:09:16,5.33
Denzy Gelato,5812,Eating Places and Restaurants,2024-10-31 19:09:22,6.16
New World Health Brands Wellness,5499,Miscellaneous Food Stores – Convenience Stores and Specialty Markets,2024-10-31 19:09:27,4.61
Ryans Kitchen,5812,Eating Places and Restaurants,2024-10-31 19:09:31,4.47
Tbr Global Chauffeuring,4121,Taxicabs and Limousines,2024-10-31 19:09:36,4.44
Grand Shanghai Restaurant,5812,Eating Places and Restaurants,2024-10-31 19:09:41,4.68
Gemma,5812,Eating Places and Restaurants,2024-10-31 19:09:45,4.78
Bowl Chap,5814,Fast Food Restaurants,2024-10-31 19:09:50,4.85
Dickey'S Barbecue Pit,5812,Eating Places and Restaurants,2024-10-31 19:09:56,6.24
Travelzoo,4722,Travel Agencies and Tour Operations,2024-10-31 19:10:01,4.88
Maxvalu,5411,"Grocery Stores, Supermarkets",2024-10-31 19:10:06,4.76
Siam Kitchen,5812,Eating Places and Restaurants,2024-10-31 19:10:11,4.78
Hotel Fort Canning,7011,"Lodging – Hotels, Motels, Resorts, Central Reservation Services",2024-10-31 19:10:16,4.72
Sharetea,5499,Miscellaneous Food Stores – Convenience Stores and Specialty Markets,2024-10-31 19:10:20,4.44
Le Bambini,5641,Children’s and Infant’s Wear Stores,2024-10-31 19:10:26,6.27
Manan,8999,Professional Services not Elsewhere Defined,2024-10-31 19:10:31,4.57
The Style Soiree 3Ds,5621,Women’s Ready-to-wear Stores,2024-10-31 19:10:36,4.77
Black Hammer,5661,Shoe Stores,2024-10-31 19:10:41,4.94
Shophouse By Shangri-La,5462,Bakeries,2024-10-31 19:10:45,4.86
Druggists,5813,"Drinking Places alcoholic Beverages, Bars, Taverns, Cocktail Lounges, Nightclubs and Discotheques",2024-10-31 19:10:50,4.18
Den Ajisen,5812,Eating Places and Restaurants,2024-10-31 19:10:55,5.46
Jewel Coffee,5812,Eating Places and Restaurants,2024-10-31 19:10:59,4.22
Rubato,5812,Eating Places and Restaurants,2024-10-31 19:11:04,4.36
Bershka,5691,Men’s and Women’s Clothing Stores,2024-10-31 19:11:09,5.26
Singapore Symphony Orchestra,7929,"Bands, Orchestras, and Miscellaneous Entertainers not Elsewhere Classified",2024-10-31 19:11:13,4.38
Kai Sushi & Robatayaki,5812,Eating Places and Restaurants,2024-10-31 19:11:18,4.29
Brunches Cafe,5812,Eating Places and Restaurants,2024-10-31 19:11:22,4.81
Suki-Suki Thai Hot Pot,5814,Fast Food Restaurants,2024-10-31 19:11:27,5.04
Bagus (Card Topup),5812,Eating Places and Restaurants,2024-10-31 19:11:33,5.78
Gayatri Restaurant Singap,5813,"Drinking Places alcoholic Beverages, Bars, Taverns, Cocktail Lounges, Nightclubs and Discotheques",2024-10-31 19:11:40,6.3
Aphrodite Waffles & Gelato,5812,Eating Places and Restaurants,2024-10-31 19:11:44,4.33
Shake Salad,5734,Computer Software Stores,2024-10-31 19:11:48,4.44
Kim'S Singapore Bistro,5812,Eating Places and Restaurants,2024-10-31 19:11:53,4.35
Ticket Flap,7922,"Theatrical Producers except Motion Pictures, Ticket Agencies",2024-10-31 19:11:57,4.73
Ny Nutrition Group,8021,Dentists and Orthodontists,2024-10-31 19:12:04,6.19
9S Seafood,5812,Eating Places and Restaurants,2024-10-31 19:12:09,4.9
Iga,5411,"Grocery Stores, Supermarkets",2024-10-31 19:12:13,4.94
Ultimate Financial Services,6010,Financial Institutions – Manual Cash Disbursements,2024-10-31 19:12:18,4.69
Winestone.Sg,5812,Eating Places and Restaurants,2024-10-31 19:12:23,4.85
Direct Line Cruises,4411,Cruise and Steamship Lines,2024-10-31 19:12:29,5.68
Steakville,5812,Eating Places and Restaurants,2024-10-31 19:12:34,4.87
Portman'S Bar,5813,"Drinking Places alcoholic Beverages, Bars, Taverns, Cocktail Lounges, Nightclubs and Discotheques",2024-10-31 19:12:39,4.98
Pat Chun (Hk) Pte Ltd 八珍醬園,5661,Shoe Stores,2024-10-31 19:12:44,5.29
Rong Hua Bak Kut Teh,5812,Eating Places and Restaurants,2024-10-31 19:12:49,5.43
Sun'S Cafe,5812,Eating Places and Restaurants,2024-10-31 19:12:56,7.08
Nie Conference,9399,Government Services not Elsewhere Classified,2024-10-31 19:13:01,5.11
Delcies Desserts And Cakes,5411,"Grocery Stores, Supermarkets",2024-10-31 19:13:08,6.04
Highlander Bar,5812,Eating Places and Restaurants,2024-10-31 19:13:13,5.43
Gyu San Japanese Bbq & Bar,5812,Eating Places and Restaurants,2024-10-31 19:13:19,5.66
Givenchy,5631,Women’s Accessory and Specialty Shops,2024-10-31 19:13:26,7.64
Spartan Ma,8999,Professional Services not Elsewhere Defined,2024-10-31 19:13:32,5.86
Star Cruises,4411,Cruise and Steamship Lines,2024-10-31 19:13:37,5.38
Louis,5945,"Hobby, Toy, and Game Shops",2024-10-31 19:13:43,5.38
Hokkaido Ramen Santouka,5814,Fast Food Restaurants,2024-10-31 19:13:50,6.83
Edinburgh Busi,8299,Schools and Educational Services not Elsewhere Classified,2024-10-31 19:13:57,6.84
Mobilestop,5732,Electronics Sale,2024-10-31 19:14:03,5.98
Kttc,7392,"Management, Consulting, and Public Relations Services",2024-10-31 19:14:09,6.15
Lc Nursing Home,8050,Nursing and Personal Care Facilities,2024-10-31 19:14:14,5.19
Aimin,8099,Medical Services and Health Practitioners not Elsewhere Classified,2024-10-31 19:14:18,4.55
Jtb,4722,Travel Agencies and Tour Operations,2024-10-31 19:14:24,5.81
My Greatest Child,5734,Computer Software Stores,2024-10-31 19:14:29,4.89
"Mocha Bleu Patisserie, Bistro + Mixology Bar",5812,Eating Places and Restaurants,2024-10-31 19:14:34,5.0
Yachtly,7394,"Equipment Rental and Leasing Services, Tool Rental, Furniture Rental, and Appliance Rental",2024-10-31 19:14:39,5.23
Analogue+,5732,Electronics Sale,2024-10-31 19:14:45,5.62
Getsmartcoders,5734,Computer Software Stores,2024-10-31 19:14:50,4.98
Stereo,5732,Electronics Sale,2024-10-31 19:14:59,8.7
Lingo School Of Knowledge,8244,Business and Secretarial Schools,2024-10-31 19:15:05,6.02
World Of Sports,5655,"Sports Apparel, Riding Apparel Stores",2024-10-31 19:15:11,6.27
Ajisen Shokudo,5812,Eating Places and Restaurants,2024-10-31 19:15:17,5.61
Clovers,5621,Women’s Ready-to-wear Stores,2024-10-31 19:15:22,5.56
8 Korean Bbq (Shaw Centre),5814,Fast Food Restaurants,2024-10-31 19:15:28,5.86
Endowus,6211,Security Brokers/dealers,2024-10-31 19:15:33,5.17
United Mileage Plus Miles Purchase ,7399,"Business Services, Not Elsewhere Classified",2024-10-31 19:15:39,5.36
City Chic,5631,Women’s Accessory and Specialty Shops,2024-10-31 19:15:45,6.66
L'Or,5499,Miscellaneous Food Stores – Convenience Stores and Specialty Markets,2024-10-31 19:15:52,7.02
Ugg,5661,Shoe Stores,2024-10-31 19:15:57,4.65
Cupshe,5631,Women’s Accessory and Specialty Shops,2024-10-31 19:16:02,4.79
Blue Bungalow,5631,Women’s Accessory and Specialty Shops,2024-10-31 19:16:06,4.47
Jo Mercer,5661,Shoe Stores,2024-10-31 19:16:10,4.3
Atlantis Sleep,5712,"Furniture, Home Furnishings, and Equipment Stores, Except Appliances",2024-10-31 19:16:15,4.77
Sassy Organics,5977,Cosmetic Stores,2024-10-31 19:16:20,5.19
Koala,5712,"Furniture, Home Furnishings, and Equipment Stores, Except Appliances",2024-10-31 19:16:25,5.02
High Sierra,5999,Miscellaneous and Specialty Retail Stores,2024-10-31 19:16:30,4.28
Youfoodz,5499,Miscellaneous Food Stores – Convenience Stores and Specialty Markets,2024-10-31 19:16:34,4.55
Ozsale,5691,Men’s and Women’s Clothing Stores,2024-10-31 19:16:39,4.94
Ergoflex,5712,"Furniture, Home Furnishings, and Equipment Stores, Except Appliances",2024-10-31 19:16:44,4.89
Everyplate,5499,Miscellaneous Food Stores – Convenience Stores and Specialty Markets,2024-10-31 19:16:50,5.54
Eva Home,5712,"Furniture, Home Furnishings, and Equipment Stores, Except Appliances",2024-10-31 19:16:56,5.97
Original Resorts,4722,Travel Agencies and Tour Operations,2024-10-31 19:17:01,5.21
Minimax,5999,Miscellaneous and Specialty Retail Stores,2024-10-31 19:17:05,4.41
Chow Sang Sang,5944,"Watch, Clock, Jewelry, and Silverware Stores",2024-10-31 19:17:10,4.55
Hellofresh,5499,Miscellaneous Food Stores – Convenience Stores and Specialty Markets,2024-10-31 19:17:14,4.53
Milkrun,5411,"Grocery Stores, Supermarkets",2024-10-31 19:17:19,4.39
Breville,5732,Electronics Sale,2024-10-31 19:17:23,4.41
Sanity Entertainment,5999,Miscellaneous and Specialty Retail Stores,2024-10-31 19:17:28,4.5
The Adventure Challenge,5999,Miscellaneous and Specialty Retail Stores,2024-10-31 19:17:32,4.39
Lekker Bikes,5940,Bicycle Shops – Sales and Service,2024-10-31 19:17:36,4.14
Lastminute.Com,4722,Travel Agencies and Tour Operations,2024-10-31 19:17:41,4.7
The Natural Transformer,5499,Miscellaneous Food Stores – Convenience Stores and Specialty Markets,2024-10-31 19:17:46,4.66
Marais,5691,Men’s and Women’s Clothing Stores,2024-10-31 19:17:50,4.54
Virgin Voyages,4411,Cruise and Steamship Lines,2024-10-31 19:17:55,5.39
Holland America Line,4411,Cruise and Steamship Lines,2024-10-31 19:18:01,5.05
Carnival Cruises,4411,Cruise and Steamship Lines,2024-10-31 19:18:06,5.78
Bubledon,5691,Men’s and Women’s Clothing Stores,2024-10-31 19:18:11,4.57
Wallpaperdirect,5231,"Glass, Paint, and Wallpaper Stores",2024-10-31 19:18:15,4.48
Conrad Osaka,5812,Eating Places and Restaurants,2024-10-31 19:18:20,4.51
Storytel,5942,Book Stores,2024-10-31 19:18:26,5.94
Ecostore,5999,Miscellaneous and Specialty Retail Stores,2024-10-31 19:18:31,4.93
Jaded London,5691,Men’s and Women’s Clothing Stores,2024-10-31 19:18:35,4.48
Edible Blooms,5999,Miscellaneous and Specialty Retail Stores,2024-10-31 19:18:40,4.62
Betta,5732,Electronics Sale,2024-10-31 19:18:44,4.41
Boniik,5977,Cosmetic Stores,2024-10-31 19:18:49,4.43
Ugg Express,5661,Shoe Stores,2024-10-31 19:18:53,4.57
Sundae Body,5977,Cosmetic Stores,2024-10-31 19:18:58,4.62
Feeling 18,5499,Miscellaneous Food Stores – Convenience Stores and Specialty Markets,2024-10-31 19:19:02,4.57
Royal Doulton,5999,Miscellaneous and Specialty Retail Stores,2024-10-31 19:19:07,4.41
Videopro,5732,Electronics Sale,2024-10-31 19:19:11,4.07
Canningvale,5311,Department Stores,2024-10-31 19:19:16,4.98
Super Sleeper Pro,5713,Floor Covering Stores,2024-10-31 19:19:20,4.28
Rivercity House And Home,5712,"Furniture, Home Furnishings, and Equipment Stores, Except Appliances",2024-10-31 19:19:26,5.37
Redsbaby,5999,Miscellaneous and Specialty Retail Stores,2024-10-31 19:19:30,4.33
Catch Connect,5818,Digital Goods — Multi-category,2024-10-31 19:19:34,4.51
Alter Ego,5812,Eating Places and Restaurants,2024-10-31 19:19:39,4.54
The Wod Life,5941,Sporting Goods Stores,2024-10-31 19:19:43,4.51
Surfstitch,5691,Men’s and Women’s Clothing Stores,2024-10-31 19:19:48,4.12
Miss Sixty,5691,Men’s and Women’s Clothing Stores,2024-10-31 19:19:52,4.61
Sportitude,5941,Sporting Goods Stores,2024-10-31 19:19:57,4.47
Otterbox,5732,Electronics Sale,2024-10-31 19:20:01,4.19
Sa1Nt,5691,Men’s and Women’s Clothing Stores,2024-10-31 19:20:05,4.24
White Glo,5999,Miscellaneous and Specialty Retail Stores,2024-10-31 19:20:09,4.24
Wotnot Naturals,5977,Cosmetic Stores,2024-10-31 19:20:14,4.42
Australian Naturalcare,5499,Miscellaneous Food Stores – Convenience Stores and Specialty Markets,2024-10-31 19:20:18,4.45
Unovino,5499,Miscellaneous Food Stores – Convenience Stores and Specialty Markets,2024-10-31 19:20:22,4.26
Supplement Mart,5499,Miscellaneous Food Stores – Convenience Stores and Specialty Markets,2024-10-31 19:20:27,4.48
Gifts Australia,5999,Miscellaneous and Specialty Retail Stores,2024-10-31 19:20:31,4.5
Price Rite Mart,5999,Miscellaneous and Specialty Retail Stores,2024-10-31 19:20:36,4.63
Biome,5999,Miscellaneous and Specialty Retail Stores,2024-10-31 19:20:40,4.43
Base Compression,5941,Sporting Goods Stores,2024-10-31 19:20:46,5.36
Olight Australia,5732,Electronics Sale,2024-10-31 19:20:51,5.26
Bedzy,5712,"Furniture, Home Furnishings, and Equipment Stores, Except Appliances",2024-10-31 19:20:57,5.47
Beauty Amora,5977,Cosmetic Stores,2024-10-31 19:21:02,5.25
Innoxa,5977,Cosmetic Stores,2024-10-31 19:21:06,4.17
Australis Cosmetics,5977,Cosmetic Stores,2024-10-31 19:21:11,4.79
Petal & Pup,5621,Women’s Ready-to-wear Stores,2024-10-31 19:21:15,4.64
Melrose Health,5499,Miscellaneous Food Stores – Convenience Stores and Specialty Markets,2024-10-31 19:21:20,4.73
The Athlete'S Foot,5661,Shoe Stores,2024-10-31 19:21:26,5.92
Saucony,5661,Shoe Stores,2024-10-31 19:21:31,5.16
Green Gadgets,5722,Household Appliance Stores,2024-10-31 19:21:36,4.87
Lack Of Color,5691,Men’s and Women’s Clothing Stores,2024-10-31 19:21:41,4.82
Move With Us,7032,Sporting and Recreational Camps,2024-10-31 19:21:46,4.6
The Ugg Shop,5661,Shoe Stores,2024-10-31 19:21:50,4.56
Banana Republic,5691,Men’s and Women’s Clothing Stores,2024-10-31 19:21:56,5.41
Ben Sherman,5691,Men’s and Women’s Clothing Stores,2024-10-31 19:22:00,4.97
Newentor Australia,5712,"Furniture, Home Furnishings, and Equipment Stores, Except Appliances",2024-10-31 19:22:05,4.55
Boozebud,5921,"Package Stores – Beer, Wine, and Liquor",2024-10-31 19:22:10,4.68
Ptc Shop Australia,5999,Miscellaneous and Specialty Retail Stores,2024-10-31 19:22:14,4.49
Momentous Living,5712,"Furniture, Home Furnishings, and Equipment Stores, Except Appliances",2024-10-31 19:22:19,4.57
Thriftbooks,5942,Book Stores,2024-10-31 19:22:23,4.49
Sabah Parks,4722,Travel Agencies and Tour Operations,2024-10-31 19:22:28,4.5
Scopely,5818,Digital Goods — Multi-category,2024-10-31 19:22:32,4.44
Moa Restrobar,5812,Eating Places and Restaurants,2024-10-31 19:22:36,4.01
Kinara Contemporary Indian Cuisine,5812,Eating Places and Restaurants,2024-10-31 19:22:41,4.37
Kinara North West,5812,Eating Places and Restaurants,2024-10-31 19:22:45,4.46
Bookabach,4722,Travel Agencies and Tour Operations,2024-10-31 19:22:49,4.42
Wotif,4722,Travel Agencies and Tour Operations,2024-10-31 19:22:55,5.66
Bloomeroo,5992,Florists,2024-10-31 19:23:00,4.48
Soft Spot Baby,5734,Computer Software Stores,2024-10-31 19:23:04,4.44
Bright Vision Community Hospital,8062,Hospitals,2024-10-31 19:23:09,4.5
Crawfurd Hospital,8062,Hospitals,2024-10-31 19:23:13,4.67
St Luke'S Hospital,8062,Hospitals,2024-10-31 19:23:18,4.54
Backdoor Bodega,5812,Eating Places and Restaurants,2024-10-31 19:23:23,5.04
Hotel Century Southern Tower,7011,"Lodging – Hotels, Motels, Resorts, Central Reservation Services",2024-10-31 19:23:28,5.09
Holo Taco,5999,Miscellaneous and Specialty Retail Stores,2024-10-31 19:23:33,4.79
Moin Moin Gelato,5451,Dairy Products Stores,2024-10-31 19:23:38,5.44
Bliss Nest Capsules (Bnc),5499,Miscellaneous Food Stores – Convenience Stores and Specialty Markets,2024-10-31 19:23:43,4.94
Klosh,5999,Miscellaneous and Specialty Retail Stores,2024-10-31 19:23:48,5.37
Since1887,5921,"Package Stores – Beer, Wine, and Liquor",2024-10-31 19:23:56,7.05
Uptodate Inc.,5817,Digital Goods — Software Applications excluding games,2024-10-31 19:24:01,5.73
Perfingo,5734,Computer Software Stores,2024-10-31 19:24:06,5.15
Winzip,5734,Computer Software Stores,2024-10-31 19:24:11,4.58
Asxence,5300,Wholesale Clubs,2024-10-31 19:24:16,4.73
Kitchen Hands,5499,Miscellaneous Food Stores – Convenience Stores and Specialty Markets,2024-10-31 19:24:21,5.37
Roses Only,5399,Miscellaneous General Merchandise,2024-10-31 19:24:26,4.87
Cole Haan,5691,Men’s and Women’s Clothing Stores,2024-10-31 19:24:31,5.35
Enfa,5999,Miscellaneous and Specialty Retail Stores,2024-10-31 19:24:36,4.41
Sand And Sky,5999,Miscellaneous and Specialty Retail Stores,2024-10-31 19:24:41,5.25
Airfree,5999,Miscellaneous and Specialty Retail Stores,2024-10-31 19:24:46,4.84
The French Bookstore,5942,Book Stores,2024-10-31 19:24:51,4.74
Tanjong Pagar Town,9399,Government Services not Elsewhere Classified,2024-10-31 19:24:56,5.48
Onzie.Com,5691,Men’s and Women’s Clothing Stores,2024-10-31 19:25:01,4.99
Sunflowers Animal Farm Margaret River,7011,"Lodging – Hotels, Motels, Resorts, Central Reservation Services",2024-10-31 19:25:07,5.51
Bloomingdale'S,5977,Cosmetic Stores,2024-10-31 19:25:11,4.72
Cambridge Satchel Co,5699,Miscellaneous Apparel and Accessory Shops,2024-10-31 19:25:16,4.77
Chipoba,5812,Eating Places and Restaurants,2024-10-31 19:25:21,5.07

Noka-Open Farm Community,5812,Eating Places and Restaurants,2024-10-31 20:58:15,6.33
Parkroyal Serviced Suites Kuala Lumpur,7011,"Lodging – Hotels, Motels, Resorts, Central Reservation Services",2024-10-31 20:58:20,4.91
Rayz Umm Hotel Malang,7011,"Lodging – Hotels, Motels, Resorts, Central Reservation Services",2024-10-31 20:58:27,7.51
Men Men Don Don,5812,Eating Places and Restaurants,2024-10-31 20:58:33,5.43
Millennium Downtown New York,7011,"Lodging – Hotels, Motels, Resorts, Central Reservation Services",2024-10-31 20:58:38,5.68
Bnchappyst Bnc,5719,Miscellaneous Home Furnishing Specialty Stores,2024-10-31 20:58:44,5.44
Qin Restaurant N Bar,5812,Eating Places and Restaurants,2024-10-31 20:58:50,5.72
Cd-Keys.Online,5734,Computer Software Stores,2024-10-31 20:58:58,7.96
Alley On 25,5812,Eating Places and Restaurants,2024-10-31 20:59:03,5.35
Stregissingapore.Com,5812,Eating Places and Restaurants,2024-10-31 20:59:09,5.84
Restaurant Depot,5411,"Grocery Stores, Supermarkets",2024-10-31 20:59:14,4.92
Superitto,5814,Fast Food Restaurants,2024-10-31 20:59:19,5.3
A1Supplements.Com,5499,Miscellaneous Food Stores – Convenience Stores and Specialty Markets,2024-10-31 20:59:26,7.42
London & Martin Co.,5812,Eating Places and Restaurants,2024-10-31 20:59:32,5.26
Kim Able Household - Amk,5722,Household Appliance Stores,2024-10-31 20:59:37,5.23
Love And Honey Boutique,5691,Men’s and Women’s Clothing Stores,2024-10-31 20:59:42,5.46
Daun Bistro,5814,Fast Food Restaurants,2024-10-31 20:59:47,4.83
Supresso,5999,Miscellaneous and Specialty Retail Stores,2024-10-31 20:59:52,5.24
Mosaic Cafe And Bakery,5812,Eating Places and Restaurants,2024-10-31 20:59:58,5.79
Food For Life,5814,Fast Food Restaurants,2024-10-31 21:00:03,4.73
Winnie'S,5814,Fast Food Restaurants,2024-10-31 21:00:08,4.72
Tailwind Air,4511,"Airlines, Air Carriers",2024-10-31 21:00:12,4.5
Citibank Atm,6012,Financial Institutions – Merchandise and Services,2024-10-31 21:00:17,4.68
Studio Fleurette Pte Ltd,5812,Eating Places and Restaurants,2024-10-31 21:00:23,6.15
Yi Mandarin,8244,Business and Secretarial Schools,2024-10-31 21:00:28,5.07
Furla,5631,Women’s Accessory and Specialty Shops,2024-10-31 21:00:33,5.37
Singapore Trampoline Academy,7997,"Membership Clubs sports, Recreation, Athletic, Country Clubs, and Private Golf Courses",2024-10-31 21:00:38,4.99
Neue Mart,5411,"Grocery Stores, Supermarkets",2024-10-31 21:00:43,4.61
Repetto,5948,Luggage and Leather Goods Shops,2024-10-31 21:00:48,4.69
Noku Osaka,7011,"Lodging – Hotels, Motels, Resorts, Central Reservation Services",2024-10-31 21:00:53,5.27
Nuphoto,5969,Direct Marketing – Not Elsewhere Classified,2024-10-31 21:00:58,4.89
Pn Play Store,5734,Computer Software Stores,2024-10-31 21:01:03,4.85
Iroo,5621,Women’s Ready-to-wear Stores,2024-10-31 21:01:08,5.28
Joop,5691,Men’s and Women’s Clothing Stores,2024-10-31 21:01:14,5.91
American Club,7399,"Business Services, Not Elsewhere Classified",2024-10-31 21:01:19,4.98
Skewer Hot Pot,5814,Fast Food Restaurants,2024-10-31 21:01:26,6.81
Division Athletics,7997,"Membership Clubs sports, Recreation, Athletic, Country Clubs, and Private Golf Courses",2024-10-31 21:01:31,5.44
Orpheus Dive Pl,5941,Sporting Goods Stores,2024-10-31 21:01:39,8.0
Ameliorate Crysta,5734,Computer Software Stores,2024-10-31 21:01:45,5.35
Gaku Sushi Bar,5812,Eating Places and Restaurants,2024-10-31 21:01:50,5.58
First Culinary Rstnt@Kaki,5812,Eating Places and Restaurants,2024-10-31 21:01:58,7.82
The Queen'S Inglish Pub,5813,"Drinking Places alcoholic Beverages, Bars, Taverns, Cocktail Lounges, Nightclubs and Discotheques",2024-10-31 21:02:03,5.29
Qobuz,5815,"Digital Goods — Media, books, movies, music",2024-10-31 21:02:09,5.84
Zchocolat.Com,5441,"Candy, Nut, and Confectionery Stores",2024-10-31 21:02:14,4.85
Woobar,5813,"Drinking Places alcoholic Beverages, Bars, Taverns, Cocktail Lounges, Nightclubs and Discotheques",2024-10-31 21:02:19,4.66
Pollen,5812,Eating Places and Restaurants,2024-10-31 21:02:24,4.93
Headrock Vr,7991,Tourist Attractions and Exhibits,2024-10-31 21:02:28,4.87
New Hairstory,7230,Barber and Beauty Shops,2024-10-31 21:02:33,4.86
Sandwich Shop,5814,Fast Food Restaurants,2024-10-31 21:02:38,5.0
Bisou -Nail Art Atelier-,7297,Massage Parlors,2024-10-31 21:02:44,5.31
Wheat,5499,Miscellaneous Food Stores – Convenience Stores and Specialty Markets,2024-10-31 21:02:48,4.37
Network It Group,7379,"Computer Maintenance and Repair Services, Not Elsewhere Classified",2024-10-31 21:02:53,4.67
Riverside Grilled Fish Rc,5812,Eating Places and Restaurants,2024-10-31 21:02:57,4.86
Bloomback,5992,Florists,2024-10-31 21:03:02,4.65
Aeroflot,3011,Aeorflot,2024-10-31 21:03:07,5.02
Epikebabs,5814,Fast Food Restaurants,2024-10-31 21:03:12,4.98
Outsiders,5941,Sporting Goods Stores,2024-10-31 21:03:19,6.85
Pure Gold,5944,"Watch, Clock, Jewelry, and Silverware Stores",2024-10-31 21:03:24,4.67
Rustan'S,5411,"Grocery Stores, Supermarkets",2024-10-31 21:03:29,5.01
Bykurahome,5734,Computer Software Stores,2024-10-31 21:03:33,4.56
Parkroyal Melbourne Airport,7011,"Lodging – Hotels, Motels, Resorts, Central Reservation Services",2024-10-31 21:03:38,4.95
Shiki,5411,"Grocery Stores, Supermarkets",2024-10-31 21:03:43,4.81
Al-Basha Take Out Only,5814,Fast Food Restaurants,2024-10-31 21:03:48,5.39
Onlybrown,5699,Miscellaneous Apparel and Accessory Shops,2024-10-31 21:03:53,5.07
Webhostingpad,4816,Computer Network Services,2024-10-31 21:03:59,5.09
Washoku Goen,5812,Eating Places and Restaurants,2024-10-31 21:04:04,5.05
Brunello Cucinelli,5691,Men’s and Women’s Clothing Stores,2024-10-31 21:04:09,5.54
Spiffy Dapper,5812,Eating Places and Restaurants,2024-10-31 21:04:14,5.01
Avg Technologies Canada Inc.,5734,Computer Software Stores,2024-10-31 21:04:19,5.06
Maxx Coffee,5814,Fast Food Restaurants,2024-10-31 21:04:27,7.51
Avenue Kids,5641,Children’s and Infant’s Wear Stores,2024-10-31 21:04:32,5.36
C.O. Bigelow Chemists,7230,Barber and Beauty Shops,2024-10-31 21:04:37,4.91
The Kuala Lumpur Journal Hotel,7011,"Lodging – Hotels, Motels, Resorts, Central Reservation Services",2024-10-31 21:04:42,4.63
